stu_id,stuf_name,stul_name,stu_add,stu_dob,stu_email,stu_gender
1,Lilah,Szymanek,Areia Branca,1990-05-22,lszymanek0@unblog.fr,Female
2,Allison,Izon,Areia Branca,1991-08-14,aizon1@php.net,Female
3,Melisenda,Aspell,Areia Branca,1995-02-21,maspell2@weebly.com,Female
4,Dolli,Ferenczi,Zarszyn,1988-11-15,dferenczi3@google.cn,Female
5,Joe,Harrington,Kabir,1990-12-14,jharrington4@google.com.br,Female
6,Kenneth,Garnson,Fuli,1998-03-29,kgarnson5@wiley.com,Female
7,Lem,Ropars,Minyat an Nasr,1998-07-16,lropars6@devhub.com,Male
8,Yoshiko,Brampton,Kabir,1989-06-09,ybrampton7@ehow.com,Male
9,Cesar,Leimster,Przelewice,1994-09-05,cleimster8@howstuffworks.com,Male
10,Petey,Bockmann,Onsala,1995-04-20,pbockmann9@meetup.com,Male
11,Taddeo,Wards,Livorno,1997-02-09,twardsa@irs.gov,Male
12,Darell,Buzek,Livorno,1989-06-12,dbuzekb@facebook.com,Female
13,Gayler,Conichie,Kabir,1997-11-30,gconichiec@joomla.org,Male
14,Ashly,Celand,Onsala,1996-11-21,acelandd@samsung.com,Female
15,Lilian,Gateman,Cabanas,1994-07-30,lgatemane@utexas.edu,Male
16,Melanie,Rudman,Tabora,1989-06-12,mrudmanf@wiley.com,Female
17,Hetti,Baltrushaitis,Zuitou,1998-03-27,hbaltrushaitisg@narod.ru,Female
18,Emili,Cuardall,Mungui,1991-08-06,ecuardallh@nhs.uk,Male
19,Timmy,Juckes,Akim Swedru,1999-02-08,tjuckesi@wikispaces.com,Female
20,Beauregard,Hugle,Areia Branca,1998-03-13,bhuglej@virginia.edu,Male
21,Elsey,Danson,Kabir,1999-01-06,edansonk@washingtonpost.com,Male
22,Meta,Vallow,Mungui,1990-08-27,mvallowl@netlog.com,Male
23,Nessa,Youster,Cabanas,1986-01-01,nyousterm@qq.com,Female
24,Sande,Skelton,Areia Branca,1991-02-10,sskeltonn@bizjournals.com,Female
25,Halette,Issit,Livorno,1992-11-16,hissito@a8.net,Female
26,Felecia,Simonetti,Daoxian,2000-02-21,fsimonettip@telegraph.co.uk,Male
27,Finley,Izachik,Onsala,1989-06-17,fizachikq@examiner.com,Male
28,Shawn,Osgodby,Fuli,1987-07-31,sosgodbyr@drupal.org,Male
29,Wilone,Iacomelli,Zarszyn,1999-09-09,wiacomellis@nba.com,Female
30,Bron,Greguoli,Livorno,1989-09-01,bgreguolit@ning.com,Male
31,Rasla,Bertelsen,Cabanas,1995-07-19,rbertelsenu@ezinearticles.com,Female
32,Leif,Balke,Daoxian,1987-10-01,lbalkev@pcworld.com,Female
33,Cinda,Lainton,Przelewice,1999-01-14,claintonw@ftc.gov,Male
34,Jemmie,Dodd,Onsala,1999-07-16,jdoddx@constantcontact.com,Female
35,Luelle,McClounan,Mungui,1999-03-11,lmcclounany@cbc.ca,Female
36,Jackie,Munkley,Idvor,1994-04-21,jmunkleyz@booking.com,Female
37,Cobbie,Halburton,Onsala,1990-03-21,chalburton10@marriott.com,Female
38,Karalee,Davidek,Przelewice,1999-08-22,kdavidek11@sun.com,Female
39,Steward,Normington,Minyat an Nasr,1994-07-05,snormington12@delicious.com,Female
40,Kittie,Firbanks,Areia Branca,1988-11-28,kfirbanks13@behance.net,Male
41,Tricia,Sagar,Areia Branca,1986-04-27,tsagar14@prlog.org,Female
42,Madonna,Graine,Tabora,1991-09-30,mgraine15@tuttocitta.it,Female
43,Vanda,Ropp,Minyat an Nasr,1988-12-20,vropp16@icq.com,Male
44,Bride,Tyreman,Onsala,1986-07-25,btyreman17@nydailynews.com,Male
45,Batholomew,Scotter,Daoxian,1994-11-04,bscotter18@lycos.com,Male
46,Donia,Bladon,Areia Branca,1996-07-15,dbladon19@g.co,Male
47,Briana,Attock,Onsala,1994-06-29,battock1a@bluehost.com,Female
48,Clerissa,Dwelley,Livorno,1994-03-20,cdwelley1b@telegraph.co.uk,Female
49,Ronni,Gockeler,Livorno,1999-07-20,rgockeler1c@nhs.uk,Female
50,Jonah,Weems,Zarszyn,1986-05-27,jweems1d@parallels.com,Female
51,Beauregard,Form,Livorno,1995-09-01,bform1e@bbc.co.uk,Male
52,Boniface,McNay,Kabir,1991-04-19,bmcnay1f@tripod.com,Female
53,Benni,Coatman,Przelewice,1996-04-24,bcoatman1g@engadget.com,Female
54,Corilla,Truckell,Livorno,1992-01-13,ctruckell1h@unblog.fr,Male
55,Graham,Walkingshaw,Akim Swedru,1994-07-07,gwalkingshaw1i@flickr.com,Female
56,Verney,Benoix,Kabir,1988-02-19,vbenoix1j@pcworld.com,Female
57,Missie,Dunk,Fuli,1992-07-12,mdunk1k@wordpress.com,Female
58,Asa,Janiszewski,Akim Swedru,1997-05-26,ajaniszewski1l@sogou.com,Female
59,Danika,Nelsey,Idvor,1997-04-13,dnelsey1m@slashdot.org,Male
60,Rollins,Wenban,Onsala,1998-06-23,rwenban1n@free.fr,Male
61,Blythe,Nealey,Areia Branca,1990-12-31,bnealey1o@wufoo.com,Female
62,Merissa,Jakaway,Fuli,1997-06-22,mjakaway1p@pagesperso-orange.fr,Male
63,Val,Gothrup,Areia Branca,1989-02-22,vgothrup1q@devhub.com,Female
64,Franz,Damrell,Minyat an Nasr,1990-06-13,fdamrell1r@bbc.co.uk,Female
65,Nico,Walrond,Fuli,1999-03-21,nwalrond1s@paypal.com,Female
66,Sawyer,Kiehl,Cabanas,1998-04-21,skiehl1t@wired.com,Female
67,Nancie,Selland,Zarszyn,1986-03-02,nselland1u@digg.com,Male
68,Eddy,Flintoff,Minyat an Nasr,1994-10-16,eflintoff1v@scribd.com,Female
69,Ashlen,Abrahamson,Zuitou,1990-08-03,aabrahamson1w@ow.ly,Female
70,Selena,Aberdalgy,Przelewice,1995-03-12,saberdalgy1x@ftc.gov,Male
71,Melamie,Millership,Fuli,1999-12-12,mmillership1y@google.pl,Female
72,Edgard,Ovise,Daoxian,1988-07-23,eovise1z@bloomberg.com,Female
73,Valaree,Strass,Fuli,1986-05-12,vstrass20@engadget.com,Male
74,Eddi,Ivanyushkin,Areia Branca,1999-07-22,eivanyushkin21@google.com,Male
75,Olivero,Hambrick,Daoxian,1988-12-18,ohambrick22@histats.com,Male
76,Windham,Yakubovich,Tabora,1988-03-13,wyakubovich23@yandex.ru,Male
77,Selby,Pawsey,Daoxian,1986-09-20,spawsey24@nasa.gov,Male
78,Arluene,Desbrow,Onsala,1988-12-02,adesbrow25@wikimedia.org,Male
79,Hillery,Blucher,Kabir,1994-08-27,hblucher26@sbwire.com,Female
80,Halsey,Slaughter,Zarszyn,1998-04-18,hslaughter27@networkadvertising.org,Female
81,Emelda,Jaram,Livorno,1992-06-11,ejaram28@adobe.com,Male
82,Doti,Gowrich,Mungui,1986-08-27,dgowrich29@amazon.com,Female
83,Lombard,Cess,Mungui,1990-05-02,lcess2a@bluehost.com,Female
84,Bess,Massimi,Przelewice,1993-12-25,bmassimi2b@mapquest.com,Male
85,Nanine,Kennet,Idvor,1989-02-12,nkennet2c@tuttocitta.it,Female
86,Shelby,Toll,Daoxian,1986-12-16,stoll2d@google.es,Male
87,Karlan,Lukas,Zuitou,1995-03-09,klukas2e@bluehost.com,Female
88,Harley,Curphey,Zuitou,1989-03-13,hcurphey2f@meetup.com,Male
89,Charo,De Bruyne,Zuitou,1992-11-10,cdebruyne2g@tripod.com,Male
90,Katheryn,Ferrarello,Tabora,1989-10-28,kferrarello2h@creativecommons.org,Male
91,Danny,Aris,Cabanas,1992-04-27,daris2i@discovery.com,Female
92,Verene,Ilyas,Minyat an Nasr,1995-12-23,vilyas2j@vk.com,Female
93,Leonerd,McGenn,Przelewice,1993-11-24,lmcgenn2k@cdbaby.com,Male
94,Christiano,Enderson,Livorno,1995-06-06,cenderson2l@com.com,Female
95,Artus,Drinkhill,Onsala,1996-01-19,adrinkhill2m@cam.ac.uk,Male
96,Donnie,McParland,Mungui,1995-11-23,dmcparland2n@hubpages.com,Male
97,Tybalt,MacBean,Onsala,1986-05-17,tmacbean2o@so-net.ne.jp,Male
98,Dianna,Rutgers,Livorno,1993-09-09,drutgers2p@oakley.com,Female
99,Elke,Malthouse,Areia Branca,1995-07-29,emalthouse2q@barnesandnoble.com,Male
100,Lainey,Fulep,Zuitou,1991-01-29,lfulep2r@bloglines.com,Male
101,Dmitri,Elmhirst,Fuli,1990-10-26,delmhirst2s@goodreads.com,Female
102,Alameda,Spileman,Areia Branca,1989-02-27,aspileman2t@sun.com,Female
103,Gustavo,Phillipps,Fuli,1992-01-19,gphillipps2u@sciencedirect.com,Female
104,Annabelle,Scanlon,Areia Branca,1997-07-02,ascanlon2v@edublogs.org,Male
105,Gabey,Carss,Areia Branca,1987-11-26,gcarss2w@dailymotion.com,Female
106,Trevar,O'Mullaney,Livorno,1990-09-26,tomullaney2x@guardian.co.uk,Male
107,Christel,Lorant,Livorno,1995-04-12,clorant2y@wordpress.org,Female
108,Sheela,Roeby,Zuitou,1991-01-18,sroeby2z@google.fr,Male
109,Hildagarde,Chstney,Idvor,1986-10-09,hchstney30@opensource.org,Male
110,Hale,Brockway,Zarszyn,1998-09-19,hbrockway31@hao123.com,Male
111,Benton,Slixby,Fuli,1994-12-13,bslixby32@ebay.co.uk,Female
112,Gwenneth,Carolan,Mungui,1993-09-20,gcarolan33@wp.com,Male
113,Mil,Hospital,Livorno,1994-10-19,mhospital34@prnewswire.com,Female
114,Masha,Craighall,Akim Swedru,1998-06-19,mcraighall35@example.com,Male
115,Domingo,Durbin,Zarszyn,1995-08-02,ddurbin36@mashable.com,Male
116,Leeann,Fitchen,Minyat an Nasr,1994-12-20,lfitchen37@qq.com,Male
117,Karlie,Bellson,Kabir,1993-05-13,kbellson38@chronoengine.com,Male
118,Fayette,Cranson,Tabora,1991-04-19,fcranson39@amazon.co.jp,Female
119,Deane,Kilrow,Tabora,1990-08-01,dkilrow3a@amazon.co.uk,Male
120,Pearle,Viant,Zuitou,1992-05-08,pviant3b@stanford.edu,Male
121,Dolf,Behan,Przelewice,1999-01-12,dbehan3c@japanpost.jp,Male
122,Lydia,Richings,Livorno,1994-03-19,lrichings3d@indiegogo.com,Male
123,Derrik,Kinzel,Idvor,1999-07-30,dkinzel3e@psu.edu,Male
124,Deny,Gailor,Akim Swedru,1988-04-08,dgailor3f@irs.gov,Female
125,Hannah,Eccles,Akim Swedru,1987-05-25,heccles3g@amazon.co.jp,Male
126,Burch,Brainsby,Livorno,1997-09-08,bbrainsby3h@wordpress.org,Female
127,Felic,Ibbs,Livorno,1986-07-27,fibbs3i@google.com.br,Male
128,Mora,Lingner,Fuli,1999-12-08,mlingner3j@discovery.com,Male
129,Erl,Tichner,Zuitou,1989-01-02,etichner3k@techcrunch.com,Female
130,Beilul,Levecque,Mungui,1996-10-22,blevecque3l@un.org,Male
131,Alayne,McKennan,Cabanas,1997-08-13,amckennan3m@furl.net,Female
132,Hendrick,Cogswell,Fuli,1997-12-12,hcogswell3n@irs.gov,Female
133,Ellis,Danielsen,Mungui,1989-04-13,edanielsen3o@discuz.net,Female
134,Wayland,Kummerlowe,Onsala,1998-03-16,wkummerlowe3p@addthis.com,Male
135,Amitie,Conrath,Minyat an Nasr,1994-11-05,aconrath3q@phpbb.com,Male
136,Liza,Decker,Przelewice,1990-01-15,ldecker3r@symantec.com,Male
137,Libby,Tumbelty,Onsala,1988-03-16,ltumbelty3s@timesonline.co.uk,Male
138,Garnet,Mingame,Zuitou,1987-05-29,gmingame3t@linkedin.com,Female
139,Olly,MacChaell,Zuitou,1986-12-02,omacchaell3u@printfriendly.com,Male
140,Sunny,Bottleson,Cabanas,1986-05-06,sbottleson3v@amazon.com,Female
141,Carrie,Faiers,Idvor,1997-06-06,cfaiers3w@tinypic.com,Male
142,Terence,Derdes,Tabora,1992-02-27,tderdes3x@noaa.gov,Male
143,Selena,Manlow,Idvor,1998-07-30,smanlow3y@dailymail.co.uk,Male
144,Loree,Pavis,Cabanas,1989-07-05,lpavis3z@gmpg.org,Female
145,Malynda,Stillmann,Kabir,1999-12-25,mstillmann40@vistaprint.com,Male
146,Jaquenetta,Bonnet,Livorno,1987-02-05,jbonnet41@usda.gov,Male
147,Marcelle,Comar,Tabora,1997-03-08,mcomar42@flavors.me,Female
148,Leeann,Rasper,Fuli,1994-12-15,lrasper43@amazon.com,Male
149,Maddie,Bellin,Przelewice,2000-01-22,mbellin44@adobe.com,Female
150,Luci,Jordon,Minyat an Nasr,1996-02-18,ljordon45@sbwire.com,Female
151,Ronica,Monshall,Przelewice,2000-01-18,rmonshall46@topsy.com,Female
152,Corny,Radbourn,Daoxian,1986-11-25,cradbourn47@mapy.cz,Female
153,Zilvia,Corke,Zarszyn,2000-02-06,zcorke48@goo.ne.jp,Male
154,Tabbie,Djurdjevic,Minyat an Nasr,1997-02-26,tdjurdjevic49@samsung.com,Male
155,Alexis,Branthwaite,Areia Branca,1987-11-18,abranthwaite4a@amazon.co.uk,Male
156,Giulia,Blinman,Areia Branca,1987-11-15,gblinman4b@jigsy.com,Female
157,Larine,Tratton,Idvor,1999-04-25,ltratton4c@spiegel.de,Male
158,Tomlin,Cunney,Akim Swedru,1995-12-01,tcunney4d@about.com,Female
159,Rory,Tirte,Onsala,1999-06-28,rtirte4e@wordpress.com,Female
160,Gianni,Clere,Livorno,1990-12-28,gclere4f@360.cn,Male
161,Thurstan,Pingston,Idvor,1988-05-18,tpingston4g@examiner.com,Female
162,Hyman,Eastham,Mungui,1996-09-20,heastham4h@spotify.com,Male
163,Mufi,Godbald,Zarszyn,1992-12-17,mgodbald4i@dot.gov,Female
164,Shel,Arnley,Kabir,1991-05-01,sarnley4j@scribd.com,Female
165,Danit,Saffin,Kabir,1991-02-20,dsaffin4k@sourceforge.net,Female
166,Emmy,Coward,Kabir,1987-08-10,ecoward4l@clickbank.net,Male
167,Vin,Theaker,Minyat an Nasr,1996-01-01,vtheaker4m@etsy.com,Female
168,Trista,Brewett,Minyat an Nasr,1995-09-22,tbrewett4n@noaa.gov,Male
169,Waverley,Foldes,Mungui,1990-06-25,wfoldes4o@sourceforge.net,Male
170,Jaymee,Latty,Zarszyn,1995-05-05,jlatty4p@forbes.com,Female
171,Leonore,Lauritsen,Livorno,1993-01-25,llauritsen4q@php.net,Female
172,Umeko,Leake,Minyat an Nasr,1992-03-28,uleake4r@usgs.gov,Female
173,Willi,Karadzas,Onsala,1994-05-17,wkaradzas4s@flavors.me,Female
174,Augusto,Hyett,Mungui,1988-11-01,ahyett4t@forbes.com,Female
175,Laney,Sallier,Przelewice,1994-10-31,lsallier4u@epa.gov,Female
176,Hervey,Hammett,Przelewice,1990-05-20,hhammett4v@acquirethisname.com,Male
177,Moyra,Hayle,Onsala,1995-12-29,mhayle4w@japanpost.jp,Male
178,Pauletta,Tytherton,Cabanas,1996-06-01,ptytherton4x@bluehost.com,Female
179,Pate,Berzins,Kabir,1993-03-23,pberzins4y@i2i.jp,Male
180,Egan,Lambard,Kabir,1993-11-20,elambard4z@skyrock.com,Male
181,Madalyn,Reggiani,Kabir,1994-10-30,mreggiani50@elpais.com,Male
182,Tore,Upwood,Cabanas,1996-11-28,tupwood51@thetimes.co.uk,Male
183,Jeanna,Laming,Tabora,1988-11-14,jlaming52@stanford.edu,Female
184,Tisha,Menham,Cabanas,1992-09-20,tmenham53@etsy.com,Female
185,Geri,Daglish,Zuitou,1989-05-24,gdaglish54@tripadvisor.com,Female
186,Ellynn,Rhodef,Livorno,1994-11-12,erhodef55@loc.gov,Female
187,Sabina,Hastwell,Onsala,1990-01-22,shastwell56@t-online.de,Male
188,Cos,Kornas,Idvor,1988-08-13,ckornas57@sakura.ne.jp,Male
189,Wolf,Blastock,Mungui,1987-01-21,wblastock58@joomla.org,Female
190,Alicia,Belfit,Minyat an Nasr,1998-05-18,abelfit59@paypal.com,Male
191,Valery,Seabert,Kabir,1991-11-03,vseabert5a@gizmodo.com,Male
192,Lib,Naseby,Zarszyn,1992-06-23,lnaseby5b@springer.com,Male
193,Daffie,Rosendall,Minyat an Nasr,1987-12-22,drosendall5c@hexun.com,Male
194,Brandais,Youings,Minyat an Nasr,1996-03-25,byouings5d@google.de,Female
195,Laurette,Lumpkin,Cabanas,1988-05-10,llumpkin5e@eepurl.com,Male
196,Aldous,Cairns,Areia Branca,1987-01-05,acairns5f@barnesandnoble.com,Female
197,Sharla,Vanyushkin,Onsala,1991-05-25,svanyushkin5g@wikispaces.com,Female
198,Adore,Cryer,Minyat an Nasr,1989-02-21,acryer5h@networksolutions.com,Male
199,Cristin,Cranham,Mungui,1999-11-10,ccranham5i@over-blog.com,Male
200,Jarrid,Phonix,Mungui,1995-06-16,jphonix5j@usda.gov,Female
201,Thatch,Jarratt,Mungui,1992-12-28,tjarratt5k@chicagotribune.com,Female
202,Dalston,Wandrach,Daoxian,1987-07-27,dwandrach5l@vimeo.com,Female
203,Herrick,Musselwhite,Mungui,1997-03-16,hmusselwhite5m@friendfeed.com,Male
204,Honoria,Brusle,Tabora,1993-08-22,hbrusle5n@japanpost.jp,Male
205,Jocko,Ahlin,Fuli,1986-06-04,jahlin5o@ed.gov,Male
206,Lexy,Dundendale,Kabir,1986-01-27,ldundendale5p@japanpost.jp,Female
207,Roselle,Gindghill,Onsala,1990-05-31,rgindghill5q@washingtonpost.com,Female
208,Zorana,Constanza,Tabora,1987-06-23,zconstanza5r@artisteer.com,Male
209,Toiboid,Dradey,Tabora,1990-04-09,tdradey5s@vkontakte.ru,Male
210,Gisele,Vian,Zuitou,1998-02-12,gvian5t@youtube.com,Female
211,Jdavie,Stooders,Mungui,1990-12-06,jstooders5u@addthis.com,Female
212,Milena,Iacobetto,Przelewice,1997-04-03,miacobetto5v@europa.eu,Female
213,Miof mela,Avarne,Kabir,1990-07-16,mavarne5w@blog.com,Male
214,Biron,Wimpey,Fuli,1988-12-21,bwimpey5x@posterous.com,Male
215,Morten,Joly,Akim Swedru,1995-02-18,mjoly5y@cyberchimps.com,Male
216,Karen,Nicholas,Minyat an Nasr,1990-07-15,knicholas5z@hp.com,Female
217,Lebbie,Rilston,Livorno,1988-08-09,lrilston60@senate.gov,Male
218,Meagan,Whatley,Areia Branca,1990-04-23,mwhatley61@hostgator.com,Female
219,Lenka,Iacobacci,Cabanas,1994-04-02,liacobacci62@diigo.com,Male
220,Dacia,Longrigg,Idvor,1995-03-07,dlongrigg63@utexas.edu,Female
221,Carita,Lilleyman,Cabanas,1986-01-23,clilleyman64@dedecms.com,Female
222,Salvidor,Winckle,Livorno,1988-10-14,swinckle65@webeden.co.uk,Male
223,Rori,Stanier,Akim Swedru,1998-11-14,rstanier66@dmoz.org,Male
224,Tony,Streets,Livorno,1988-03-20,tstreets67@hao123.com,Male
225,Lynsey,Beeton,Akim Swedru,1997-10-02,lbeeton68@sciencedirect.com,Male
226,Weylin,Cockburn,Fuli,1994-02-02,wcockburn69@creativecommons.org,Female
227,Casey,Meharg,Tabora,1987-10-28,cmeharg6a@twitter.com,Male
228,Christy,Sennett,Onsala,1990-11-26,csennett6b@unblog.fr,Female
229,Robinette,Bon,Areia Branca,1992-11-02,rbon6c@bbc.co.uk,Female
230,Enoch,Gorini,Kabir,1992-10-04,egorini6d@imdb.com,Female
231,Ruprecht,Stirrup,Daoxian,1989-06-29,rstirrup6e@dot.gov,Male
232,Elora,Harmer,Areia Branca,1999-01-02,eharmer6f@nih.gov,Female
233,Maurise,Dupree,Mungui,1996-01-28,mdupree6g@youtu.be,Male
234,Vite,Lerohan,Daoxian,1995-04-01,vlerohan6h@discuz.net,Female
235,Idell,Kas,Akim Swedru,1991-04-03,ikas6i@yahoo.com,Female
236,Pierre,Acock,Akim Swedru,1987-03-15,pacock6j@yandex.ru,Female
237,Enrika,Greenland,Daoxian,1999-12-22,egreenland6k@hexun.com,Male
238,Fiann,Marzelo,Zarszyn,1997-08-22,fmarzelo6l@ucoz.com,Female
239,Mersey,Viggars,Cabanas,1991-08-30,mviggars6m@slideshare.net,Female
240,Stephen,Phillp,Cabanas,1994-06-18,sphillp6n@nymag.com,Female
241,Tannie,Radband,Tabora,1999-05-27,tradband6o@umn.edu,Female
242,Vanni,Camel,Livorno,1986-01-20,vcamel6p@marriott.com,Male
243,Kamillah,Mcettrick,Zarszyn,1991-12-14,kmcettrick6q@stumbleupon.com,Male
244,Suzanna,Seal,Przelewice,1989-05-21,sseal6r@clickbank.net,Male
245,Susan,Huckerbe,Zuitou,1992-05-24,shuckerbe6s@prlog.org,Female
246,Silvano,Bamber,Mungui,1992-12-04,sbamber6t@chron.com,Female
247,Chris,Duckers,Kabir,1997-05-12,cduckers6u@xrea.com,Female
248,Natty,Agnew,Cabanas,1987-02-24,nagnew6v@blogspot.com,Female
249,Tyne,Merigon,Tabora,1991-09-06,tmerigon6w@gov.uk,Male
250,Kirsten,De Beneditti,Zarszyn,1996-03-09,kdebeneditti6x@va.gov,Female
251,Denys,Samudio,Fuli,1991-09-29,dsamudio6y@google.com.au,Female
252,Asher,Glasman,Livorno,1988-08-15,aglasman6z@deviantart.com,Male
253,Brigid,Freckleton,Akim Swedru,1993-05-06,bfreckleton70@clickbank.net,Female
254,Andros,Pranger,Przelewice,1992-03-13,apranger71@typepad.com,Female
255,Humfried,McRonald,Akim Swedru,1986-10-19,hmcronald72@tiny.cc,Female
256,Thedrick,Peirone,Onsala,1998-01-17,tpeirone73@prweb.com,Female
257,Brier,Pell,Areia Branca,1999-09-11,bpell74@simplemachines.org,Female
258,Wayland,Gooddie,Akim Swedru,1996-04-02,wgooddie75@reference.com,Female
259,Jorge,Janku,Onsala,1997-12-20,jjanku76@webnode.com,Male
260,Giffer,Cyster,Zarszyn,1997-12-31,gcyster77@artisteer.com,Male
261,Claresta,Arnow,Daoxian,1993-07-19,carnow78@blogtalkradio.com,Male
262,Aloin,Dizlie,Onsala,1991-01-25,adizlie79@icq.com,Female
263,Ethe,Summerley,Livorno,1992-08-17,esummerley7a@github.io,Male
264,Moira,Hearson,Areia Branca,1994-06-24,mhearson7b@lycos.com,Male
265,Calley,Glaserman,Mungui,1986-06-15,cglaserman7c@skyrock.com,Female
266,Elwood,Dunstan,Zuitou,1989-10-12,edunstan7d@ucoz.ru,Female
267,Stevana,Kleinzweig,Fuli,1995-09-29,skleinzweig7e@utexas.edu,Female
268,Nevsa,Leijs,Cabanas,1997-11-11,nleijs7f@friendfeed.com,Female
269,Cher,Cheeseman,Akim Swedru,1994-10-29,ccheeseman7g@nature.com,Female
270,Panchito,Fenner,Tabora,1995-05-02,pfenner7h@nasa.gov,Male
271,Tammara,Bramelt,Daoxian,1987-05-30,tbramelt7i@utexas.edu,Female
272,Irvin,Saywood,Areia Branca,1992-04-19,isaywood7j@ft.com,Male
273,Pat,Aukland,Minyat an Nasr,1996-02-16,paukland7k@paypal.com,Male
274,Nanete,Rosten,Akim Swedru,1999-01-14,nrosten7l@google.co.jp,Female
275,Loralee,Strainge,Mungui,1999-11-26,lstrainge7m@hp.com,Male
276,Dougie,De la croix,Minyat an Nasr,1994-03-24,ddelacroix7n@arstechnica.com,Female
277,Blancha,Overill,Onsala,1999-09-04,boverill7o@t.co,Male
278,Eleonora,Raffon,Idvor,1995-02-28,eraffon7p@geocities.com,Female
279,Shem,Baglin,Tabora,1997-03-29,sbaglin7q@xinhuanet.com,Male
280,Emlynn,Hames,Cabanas,1990-07-22,ehames7r@biglobe.ne.jp,Male
281,Melinda,Sturdgess,Cabanas,1991-03-22,msturdgess7s@woothemes.com,Male
282,Valentino,Grimsdell,Fuli,1999-12-07,vgrimsdell7t@phoca.cz,Female
283,Lanae,Hartness,Fuli,1993-12-13,lhartness7u@unicef.org,Female
284,Mahalia,Newns,Akim Swedru,1991-02-01,mnewns7v@upenn.edu,Female
285,Shandeigh,Carnilian,Idvor,1989-08-19,scarnilian7w@umich.edu,Female
286,Idalia,Howse,Mungui,1999-07-08,ihowse7x@seesaa.net,Female
287,Felix,Arlow,Minyat an Nasr,1997-04-21,farlow7y@bandcamp.com,Male
288,Wyn,Drillot,Kabir,1993-09-26,wdrillot7z@epa.gov,Male
289,Constanta,Tremblett,Areia Branca,1987-05-08,ctremblett80@earthlink.net,Male
290,Constantin,Whordley,Tabora,1991-11-24,cwhordley81@jigsy.com,Male
291,Hew,Barnwill,Livorno,1997-02-06,hbarnwill82@cam.ac.uk,Male
292,Bendite,Garrity,Akim Swedru,1988-07-12,bgarrity83@vk.com,Female
293,Noelyn,Wandrich,Fuli,1987-12-21,nwandrich84@weather.com,Male
294,Birch,Beautyman,Zarszyn,1992-07-30,bbeautyman85@histats.com,Female
295,Aarika,Fardell,Przelewice,1999-04-26,afardell86@dedecms.com,Female
296,Trisha,Ventham,Idvor,1989-06-21,tventham87@barnesandnoble.com,Female
297,Nanon,Harcombe,Przelewice,1986-08-30,nharcombe88@behance.net,Male
298,Damiano,Claxton,Livorno,1991-01-13,dclaxton89@vimeo.com,Male
299,Berky,Martina,Daoxian,1991-01-20,bmartina8a@bloglines.com,Female
300,Lucie,Stooke,Cabanas,2000-02-07,lstooke8b@bluehost.com,Male
301,Edmund,D'Souza,Zarszyn,1992-05-24,edsouza8c@clickbank.net,Female
302,Tod,Underhill,Daoxian,1991-02-26,tunderhill8d@ucoz.ru,Female
303,Rafa,Korb,Idvor,1991-01-10,rkorb8e@indiegogo.com,Female
304,Fredi,Punyer,Minyat an Nasr,1998-12-22,fpunyer8f@zdnet.com,Male
305,Marchall,Compston,Przelewice,1990-01-29,mcompston8g@chron.com,Male
306,Gawen,Goldhawk,Cabanas,1986-05-23,ggoldhawk8h@ovh.net,Male
307,Tonnie,Mouatt,Przelewice,1988-12-02,tmouatt8i@unc.edu,Female
308,Erek,Kovacs,Mungui,1993-12-04,ekovacs8j@eventbrite.com,Male
309,Nicol,Oppy,Kabir,1989-12-22,noppy8k@wikipedia.org,Male
310,Dionis,Roche,Idvor,1989-11-09,droche8l@hugedomains.com,Female
311,Brucie,Picton,Akim Swedru,1998-12-04,bpicton8m@goodreads.com,Male
312,Jemmie,Meiningen,Przelewice,1990-11-05,jmeiningen8n@nifty.com,Male
313,Janine,Etter,Daoxian,1993-04-16,jetter8o@e-recht24.de,Female
314,Mord,Buckler,Daoxian,1991-04-18,mbuckler8p@gov.uk,Female
315,Shaylyn,Spanswick,Areia Branca,1993-12-09,sspanswick8q@usda.gov,Female
316,John,Ruddell,Zarszyn,1992-05-21,jruddell8r@dailymotion.com,Female
317,Inigo,Arthy,Mungui,1998-08-19,iarthy8s@woothemes.com,Female
318,Paula,Riall,Cabanas,1992-03-11,priall8t@miitbeian.gov.cn,Female
319,Adair,DeSousa,Minyat an Nasr,1986-05-03,adesousa8u@msu.edu,Female
320,Josephina,Josefson,Kabir,1996-03-19,jjosefson8v@usatoday.com,Male
321,Onfre,Presshaugh,Areia Branca,1991-01-01,opresshaugh8w@japanpost.jp,Female
322,Base,Sand,Daoxian,1992-11-19,bsand8x@wp.com,Female
323,Chiquia,Maysor,Akim Swedru,1999-08-07,cmaysor8y@rakuten.co.jp,Male
324,Dunn,Rous,Przelewice,1987-08-02,drous8z@chronoengine.com,Male
325,Cyndi,Abrahamsen,Idvor,1987-06-25,cabrahamsen90@ehow.com,Male
326,Noel,Cotman,Livorno,1989-02-14,ncotman91@patch.com,Female
327,Clarey,Lofthouse,Cabanas,1993-05-31,clofthouse92@accuweather.com,Female
328,Allistir,Scullin,Zarszyn,1997-05-08,ascullin93@chicagotribune.com,Male
329,Chev,Feldbaum,Onsala,1991-06-11,cfeldbaum94@bluehost.com,Male
330,Chicky,Scemp,Onsala,1998-09-07,cscemp95@php.net,Male
331,Fabian,Volonte,Minyat an Nasr,1994-04-12,fvolonte96@goo.ne.jp,Female
332,Wadsworth,Feron,Onsala,1993-08-29,wferon97@hp.com,Male
333,Derick,Bummfrey,Cabanas,1996-01-21,dbummfrey98@tripadvisor.com,Male
334,Esra,Jurczak,Mungui,2000-02-06,ejurczak99@quantcast.com,Male
335,Zorana,Botterell,Idvor,1990-05-17,zbotterell9a@stanford.edu,Male
336,Barbara,Jaray,Akim Swedru,1991-08-23,bjaray9b@cbslocal.com,Female
337,Bourke,Simonin,Fuli,1988-07-13,bsimonin9c@so-net.ne.jp,Male
338,Ricki,Naris,Idvor,1989-01-02,rnaris9d@booking.com,Male
339,Meredithe,McIvor,Przelewice,1997-10-13,mmcivor9e@boston.com,Male
340,Nickie,Pettigrew,Przelewice,1992-06-20,npettigrew9f@wiley.com,Male
341,Sanderson,Benediktsson,Onsala,1992-12-25,sbenediktsson9g@aol.com,Female
342,Hillery,Ellit,Zarszyn,1987-07-08,hellit9h@moonfruit.com,Male
343,Amalee,Rushby,Zarszyn,1997-01-23,arushby9i@chron.com,Female
344,Alvie,Glassup,Fuli,1996-01-16,aglassup9j@prlog.org,Male
345,Stefanie,Kalvin,Onsala,1987-11-19,skalvin9k@nbcnews.com,Female
346,Goober,Ysson,Fuli,1993-02-11,gysson9l@cyberchimps.com,Female
347,Ulrikaumeko,Danilowicz,Mungui,1994-05-01,udanilowicz9m@patch.com,Female
348,Cullie,Throughton,Daoxian,1995-05-19,cthroughton9n@dell.com,Male
349,Hillary,Gwioneth,Cabanas,1991-10-03,hgwioneth9o@spiegel.de,Male
350,Esther,Moniker,Przelewice,1989-08-19,emoniker9p@yahoo.co.jp,Male
351,Ray,Irvin,Cabanas,1997-07-18,rirvin9q@home.pl,Female
352,Abby,Lonsbrough,Zuitou,1994-04-27,alonsbrough9r@amazon.com,Male
353,Lazar,Sobey,Kabir,1996-02-10,lsobey9s@google.cn,Male
354,Nadean,Currm,Idvor,1986-11-21,ncurrm9t@berkeley.edu,Female
355,Isacco,Steuart,Daoxian,1990-04-17,isteuart9u@bravesites.com,Female
356,Mallorie,Tonbridge,Cabanas,1989-05-07,mtonbridge9v@amazon.co.uk,Male
357,Irene,Treversh,Cabanas,1995-11-25,itreversh9w@nature.com,Male
358,Appolonia,MacHarg,Fuli,1991-12-10,amacharg9x@wired.com,Male
359,Maure,Sim,Daoxian,1987-01-25,msim9y@dagondesign.com,Male
360,Gallard,Mitrikhin,Livorno,1987-07-16,gmitrikhin9z@adobe.com,Female
361,Vitoria,Filasov,Zarszyn,1986-07-29,vfilasova0@dedecms.com,Male
362,Lynnet,Hartzenberg,Livorno,1989-03-12,lhartzenberga1@bluehost.com,Male
363,Amos,Ruggen,Onsala,1989-10-15,aruggena2@discovery.com,Male
364,Crosby,Meese,Zuitou,1993-07-02,cmeesea3@livejournal.com,Female
365,Gordon,Dwyr,Onsala,1998-08-08,gdwyra4@mozilla.com,Male
366,Nana,Growcott,Zuitou,1992-09-16,ngrowcotta5@sitemeter.com,Male
367,Abner,Samett,Tabora,1996-05-16,asametta6@mozilla.org,Male
368,Dino,Reen,Fuli,1992-02-15,dreena7@wordpress.org,Male
369,Caddric,Maestrini,Fuli,1996-07-01,cmaestrinia8@google.com.hk,Male
370,Orel,Knobell,Przelewice,1986-07-20,oknobella9@cdbaby.com,Male
371,Judah,Tschiersch,Minyat an Nasr,1993-11-05,jtschierschaa@disqus.com,Male
372,Sibel,Antliff,Daoxian,1986-12-31,santliffab@yolasite.com,Male
373,Toni,Ventam,Cabanas,1996-05-17,tventamac@xrea.com,Male
374,Cissiee,Chellam,Minyat an Nasr,1989-10-16,cchellamad@howstuffworks.com,Female
375,Augustus,Leile,Kabir,1989-04-17,aleileae@eventbrite.com,Male
376,Geraldine,Shalcras,Cabanas,1989-06-27,gshalcrasaf@princeton.edu,Male
377,Sumner,Boutwell,Zarszyn,1987-09-04,sboutwellag@artisteer.com,Male
378,Mona,Wickey,Onsala,1997-11-18,mwickeyah@globo.com,Female
379,Deloris,Postgate,Minyat an Nasr,1996-12-11,dpostgateai@desdev.cn,Male
380,Gizela,Breitling,Zuitou,1995-03-26,gbreitlingaj@storify.com,Male
381,Betsy,Ansteys,Livorno,1995-02-18,bansteysak@goo.gl,Female
382,Ilyse,McInulty,Onsala,1996-03-26,imcinultyal@w3.org,Male
383,Ermanno,Drewitt,Przelewice,1993-08-08,edrewittam@yolasite.com,Female
384,Anselma,Aldersea,Tabora,1989-08-05,aalderseaan@icq.com,Female
385,Karlens,Kingsbury,Akim Swedru,1986-09-16,kkingsburyao@amazon.de,Male
386,Jeddy,Banbrick,Zuitou,1995-01-04,jbanbrickap@blogspot.com,Male
387,Packston,Harpin,Cabanas,1999-01-19,pharpinaq@soup.io,Male
388,Tamra,Carabet,Przelewice,1998-01-18,tcarabetar@sakura.ne.jp,Female
389,Keelia,Lewendon,Kabir,1991-07-09,klewendonas@godaddy.com,Male
390,Tracie,Simoncello,Livorno,1998-02-13,tsimoncelloat@dropbox.com,Female
391,Elsworth,Sans,Mungui,1991-05-13,esansau@ibm.com,Female
392,Babbette,Tree,Zuitou,1989-03-20,btreeav@buzzfeed.com,Male
393,Alick,Seekings,Daoxian,2000-02-08,aseekingsaw@intel.com,Female
394,Giulietta,Sibylla,Daoxian,1998-12-12,gsibyllaax@slashdot.org,Male
395,Bambie,Fonso,Idvor,1988-03-30,bfonsoay@google.nl,Female
396,Gaston,Brackstone,Areia Branca,1994-10-07,gbrackstoneaz@weather.com,Female
397,Tersina,Baish,Tabora,1989-01-07,tbaishb0@nymag.com,Male
398,Ewan,Josephson,Idvor,1987-05-27,ejosephsonb1@soundcloud.com,Female
399,Fonz,Frayling,Kabir,1988-03-10,ffraylingb2@mlb.com,Male
400,Herculie,Baglan,Cabanas,1996-05-18,hbaglanb3@cisco.com,Male
401,Trisha,Lively,Fuli,2000-01-19,tlivelyb4@opera.com,Male
402,Viv,Cogar,Livorno,1992-10-25,vcogarb5@dyndns.org,Female
403,Kaleena,Galway,Mungui,1999-06-08,kgalwayb6@walmart.com,Male
404,Ephrem,See,Cabanas,1995-12-21,eseeb7@tamu.edu,Male
405,Kiersten,McCullagh,Cabanas,1997-04-27,kmccullaghb8@is.gd,Male
406,Devonne,Weatherburn,Fuli,1995-03-04,dweatherburnb9@bluehost.com,Male
407,Nerita,di Rocca,Onsala,1994-07-13,ndiroccaba@infoseek.co.jp,Female
408,Rafaello,Lunge,Idvor,1990-08-25,rlungebb@myspace.com,Female
409,Brenden,Park,Daoxian,1989-01-25,bparkbc@bravesites.com,Male
410,Dayle,Bestiman,Daoxian,1999-01-15,dbestimanbd@thetimes.co.uk,Female
411,Darya,Crimmins,Daoxian,1996-11-15,dcrimminsbe@home.pl,Female
412,Rosalynd,Corain,Idvor,1997-01-03,rcorainbf@qq.com,Female
413,Terence,Warin,Daoxian,1989-08-22,twarinbg@nytimes.com,Female
414,Tracee,Winchcombe,Fuli,1998-05-31,twinchcombebh@is.gd,Female
415,Leoline,Grocott,Daoxian,1987-02-15,lgrocottbi@imageshack.us,Male
416,Gwyn,Finkle,Przelewice,1998-09-29,gfinklebj@wp.com,Female
417,Brandon,Marcussen,Areia Branca,1994-07-17,bmarcussenbk@sun.com,Male
418,Katine,Swenson,Idvor,1998-08-09,kswensonbl@booking.com,Female
419,Mannie,Kelemen,Fuli,1989-10-31,mkelemenbm@disqus.com,Female
420,Lyman,Zylberdik,Przelewice,1989-10-28,lzylberdikbn@123-reg.co.uk,Male
421,Garrot,Spaight,Cabanas,1992-05-31,gspaightbo@mayoclinic.com,Female
422,Jamaal,St. John,Przelewice,1997-01-16,jstjohnbp@msn.com,Male
423,Nikola,Stealfox,Onsala,1995-03-16,nstealfoxbq@google.es,Female
424,Rooney,Noulton,Daoxian,1996-10-10,rnoultonbr@toplist.cz,Female
425,Guthry,Sherrott,Mungui,1988-05-29,gsherrottbs@lycos.com,Male
426,Justinian,Oliveras,Mungui,1987-12-23,joliverasbt@techcrunch.com,Male
427,Gayelord,Pidler,Areia Branca,1987-10-13,gpidlerbu@storify.com,Female
428,Yves,Vye,Fuli,1990-11-13,yvyebv@dropbox.com,Male
429,Carree,Heater,Daoxian,1991-07-25,cheaterbw@flavors.me,Female
430,Sophey,Charville,Minyat an Nasr,1995-10-19,scharvillebx@google.de,Male
431,Harold,Hookes,Akim Swedru,1999-05-05,hhookesby@ask.com,Male
432,Wini,Frudd,Areia Branca,1992-04-07,wfruddbz@booking.com,Female
433,Joeann,Mungan,Areia Branca,1989-11-10,jmunganc0@state.tx.us,Female
434,Natasha,Vargas,Kabir,1993-08-05,nvargasc1@gizmodo.com,Female
435,Nollie,Cunnington,Daoxian,1996-10-08,ncunningtonc2@webnode.com,Male
436,Euphemia,Lithgow,Kabir,1995-03-10,elithgowc3@cnet.com,Female
437,Sybyl,Wolpert,Cabanas,1990-01-21,swolpertc4@addtoany.com,Male
438,Chadwick,Karlmann,Kabir,1986-12-28,ckarlmannc5@ox.ac.uk,Female
439,Alexandro,Chadwick,Kabir,1987-11-08,achadwickc6@e-recht24.de,Female
440,Hatty,Bettington,Akim Swedru,1997-11-13,hbettingtonc7@salon.com,Female
441,Shayne,Sertin,Livorno,1999-08-27,ssertinc8@nps.gov,Female
442,Aleda,Lavielle,Przelewice,1987-03-30,alaviellec9@yahoo.com,Male
443,Guthrey,Cartman,Kabir,1992-02-26,gcartmanca@spiegel.de,Male
444,Carine,Burth,Fuli,1992-11-07,cburthcb@nhs.uk,Male
445,Margie,Lowrie,Tabora,1996-06-20,mlowriecc@loc.gov,Male
446,Ken,Prowse,Daoxian,1990-01-19,kprowsecd@domainmarket.com,Female
447,Jannelle,Shakspeare,Fuli,1998-09-14,jshakspearece@shareasale.com,Male
448,Silvana,Greyes,Idvor,1999-12-16,sgreyescf@telegraph.co.uk,Female
449,Guglielmo,Wethers,Areia Branca,1998-01-24,gwetherscg@paginegialle.it,Male
450,Sid,Gawkroge,Onsala,1991-09-21,sgawkrogech@opensource.org,Female
451,Rutherford,Vondrys,Przelewice,1990-12-07,rvondrysci@harvard.edu,Male
452,Laurens,Crosoer,Daoxian,1990-02-12,lcrosoercj@usda.gov,Male
453,Francesca,Gaukrodge,Daoxian,1986-09-26,fgaukrodgeck@wunderground.com,Female
454,Vicky,Schiementz,Fuli,1993-01-30,vschiementzcl@apple.com,Male
455,Michele,Brader,Mungui,1999-01-13,mbradercm@eepurl.com,Female
456,Basil,Slessar,Mungui,1989-09-06,bslessarcn@berkeley.edu,Male
457,Alys,Brash,Zarszyn,1986-05-09,abrashco@studiopress.com,Female
458,Wren,McGlaud,Onsala,1995-11-13,wmcglaudcp@epa.gov,Female
459,Cathy,Bolesma,Akim Swedru,1998-03-18,cbolesmacq@bizjournals.com,Male
460,Orran,Mcall,Mungui,1991-05-16,omcallcr@geocities.jp,Female
461,Carly,Croote,Livorno,1989-03-02,ccrootecs@wikipedia.org,Female
462,Alice,Dewick,Zarszyn,1996-11-28,adewickct@google.ca,Male
463,Jock,Kitchingman,Zuitou,1988-12-30,jkitchingmancu@4shared.com,Female
464,Rebecca,Staite,Fuli,1992-11-13,rstaitecv@wix.com,Male
465,Vivianne,Kittredge,Fuli,1988-07-14,vkittredgecw@cbslocal.com,Male
466,Otto,Hindge,Minyat an Nasr,1986-10-18,ohindgecx@ihg.com,Female
467,Cletis,Cinavas,Przelewice,1998-04-01,ccinavascy@opera.com,Male
468,Giovanni,Yes,Mungui,1988-05-08,gyescz@yahoo.com,Female
469,Jeanelle,Ryder,Fuli,1986-04-10,jryderd0@is.gd,Female
470,Maye,Peddowe,Mungui,1994-02-25,mpeddowed1@soup.io,Male
471,Yolande,Goodanew,Idvor,1995-02-23,ygoodanewd2@chron.com,Male
472,Giustina,Kett,Mungui,1997-11-06,gkettd3@dailymail.co.uk,Male
473,Adriane,Caret,Akim Swedru,1993-08-27,acaretd4@blogtalkradio.com,Female
474,Karolina,O' Meara,Kabir,1999-04-13,komearad5@nytimes.com,Male
475,Guendolen,Eighteen,Minyat an Nasr,1987-11-30,geighteend6@foxnews.com,Female
476,Lilas,McCaffery,Livorno,1991-08-23,lmccafferyd7@hexun.com,Male
477,Emalia,Balser,Kabir,1997-12-23,ebalserd8@prnewswire.com,Female
478,Cissiee,Battell,Przelewice,1987-03-28,cbattelld9@comcast.net,Male
479,Dulcia,MacCaughan,Zuitou,1999-01-22,dmaccaughanda@mapy.cz,Male
480,Zachary,Lathan,Minyat an Nasr,1990-02-08,zlathandb@comsenz.com,Female
481,Diane,Kondratyuk,Akim Swedru,1996-02-13,dkondratyukdc@tripod.com,Male
482,Homere,Bogays,Idvor,1999-08-12,hbogaysdd@spiegel.de,Female
483,Karel,Reis,Zuitou,1999-12-18,kreisde@state.gov,Male
484,Tadd,Skipworth,Tabora,1992-03-15,tskipworthdf@nature.com,Male
485,Patsy,Sapauton,Akim Swedru,1997-07-31,psapautondg@reverbnation.com,Female
486,Bobbette,Abramovitch,Onsala,1993-10-31,babramovitchdh@fotki.com,Male
487,Blane,Monckton,Przelewice,1992-05-31,bmoncktondi@posterous.com,Male
488,Ethelred,Tembridge,Daoxian,1987-03-16,etembridgedj@berkeley.edu,Female
489,Marin,Gatheridge,Zuitou,1991-03-11,mgatheridgedk@wufoo.com,Female
490,Darcy,Edgeson,Daoxian,1988-12-02,dedgesondl@sciencedirect.com,Male
491,Eleni,Whitehorne,Zuitou,1995-02-03,ewhitehornedm@google.nl,Male
492,Quinn,March,Onsala,1995-02-17,qmarchdn@printfriendly.com,Female
493,Zelma,Stouther,Livorno,1999-10-04,zstoutherdo@ft.com,Male
494,Kory,Burris,Zarszyn,1993-03-27,kburrisdp@bloglines.com,Female
495,Giacobo,Pegler,Livorno,1999-10-06,gpeglerdq@google.de,Male
496,Megan,Thurstance,Kabir,1999-08-25,mthurstancedr@tamu.edu,Female
497,Shirley,Jagels,Tabora,1990-09-04,sjagelsds@biglobe.ne.jp,Female
498,Dulce,Pardi,Mungui,1987-12-06,dpardidt@360.cn,Male
499,Corinne,Adshead,Idvor,1990-08-25,cadsheaddu@thetimes.co.uk,Male
500,Orly,Haruard,Daoxian,2000-01-19,oharuarddv@apple.com,Female
501,Kliment,Lummus,Cabanas,1990-05-10,klummusdw@accuweather.com,Male
502,Anastassia,Ashelford,Cabanas,1987-10-23,aashelforddx@jigsy.com,Male
503,Curcio,Figgs,Fuli,1999-02-21,cfiggsdy@stanford.edu,Female
504,Allyn,Hesse,Daoxian,1995-10-20,ahessedz@joomla.org,Female
505,Amata,Giles,Akim Swedru,1992-12-10,agilese0@wp.com,Female
506,Engelbert,Parmeter,Livorno,1996-03-01,eparmetere1@symantec.com,Male
507,Lanny,Sinton,Cabanas,1995-09-27,lsintone2@pbs.org,Male
508,Leanor,Gillett,Akim Swedru,1995-01-11,lgillette3@state.tx.us,Male
509,Ramonda,Davidzon,Idvor,1996-08-01,rdavidzone4@lycos.com,Male
510,Vlad,Bellam,Daoxian,1994-02-04,vbellame5@list-manage.com,Female
511,Fey,Astman,Zuitou,1990-10-22,fastmane6@angelfire.com,Male
512,Eirena,Wilshaw,Fuli,1999-05-17,ewilshawe7@usgs.gov,Male
513,Louella,Nicolson,Livorno,1992-03-02,lnicolsone8@cmu.edu,Female
514,Caryl,Wrenn,Zarszyn,1989-03-16,cwrenne9@hatena.ne.jp,Female
515,Romola,Addeycott,Idvor,1992-06-12,raddeycottea@imageshack.us,Female
516,Pam,O' Mara,Minyat an Nasr,1992-07-20,pomaraeb@statcounter.com,Male
517,Caroline,Le Fevre,Kabir,1995-04-01,clefevreec@joomla.org,Female
518,Dasie,Domoni,Zuitou,1994-04-17,ddomonied@a8.net,Female
519,Avrit,Trimble,Idvor,1986-10-08,atrimbleee@virginia.edu,Male
520,Augusto,Friend,Kabir,1990-05-29,afriendef@networkadvertising.org,Female
521,Timmy,Breen,Akim Swedru,1999-06-29,tbreeneg@t-online.de,Male
522,Jackson,Dilston,Livorno,1994-03-10,jdilstoneh@taobao.com,Female
523,Jeno,Illidge,Zuitou,1991-02-19,jillidgeei@themeforest.net,Male
524,Gilly,Bucknell,Zuitou,1991-11-15,gbucknellej@dropbox.com,Male
525,Mufi,Griffin,Zarszyn,1989-09-03,mgriffinek@lycos.com,Female
526,Ira,Fulker,Daoxian,1997-03-09,ifulkerel@yellowpages.com,Male
527,Obidiah,Stapford,Akim Swedru,1992-11-29,ostapfordem@hhs.gov,Female
528,Lolly,Hambatch,Mungui,1992-08-22,lhambatchen@last.fm,Male
529,Sheelah,Stendell,Fuli,1990-03-07,sstendelleo@msn.com,Female
530,Aron,Keyho,Zarszyn,1990-07-22,akeyhoep@smh.com.au,Male
531,Joanie,Kynge,Mungui,1986-05-18,jkyngeeq@uol.com.br,Male
532,Gweneth,Scutt,Mungui,1993-04-08,gscutter@sbwire.com,Male
533,Ronny,Briand,Areia Branca,1986-09-12,rbriandes@washington.edu,Female
534,Inna,Bouldstridge,Livorno,1994-01-22,ibouldstridgeet@discuz.net,Male
535,Jeana,Gunthorp,Onsala,1988-11-21,jgunthorpeu@howstuffworks.com,Female
536,Enrica,Sima,Onsala,1988-10-03,esimaev@chronoengine.com,Female
537,Randie,Ziebart,Areia Branca,1998-11-28,rziebartew@microsoft.com,Male
538,Conan,Juares,Areia Branca,1990-08-20,cjuaresex@hexun.com,Male
539,Aluin,Breeze,Onsala,1995-02-25,abreezeey@github.com,Female
540,Baron,Davydkov,Areia Branca,1995-06-03,bdavydkovez@fastcompany.com,Female
541,Bryna,Vallentine,Kabir,1988-07-02,bvallentinef0@comcast.net,Male
542,Erda,Dyer,Cabanas,2000-01-11,edyerf1@gov.uk,Female
543,Freddie,Dagnall,Zuitou,1988-01-03,fdagnallf2@geocities.com,Female
544,Sergent,Laws,Tabora,1988-05-12,slawsf3@umich.edu,Female
545,Wallas,Cruce,Minyat an Nasr,1999-08-15,wcrucef4@last.fm,Male
546,Jessalyn,Leipnik,Areia Branca,1994-07-21,jleipnikf5@google.com.br,Male
547,Remy,Thrasher,Kabir,1996-12-09,rthrasherf6@histats.com,Male
548,Pollyanna,Shepcutt,Daoxian,1992-11-04,pshepcuttf7@senate.gov,Male
549,Lenora,Blaisdell,Onsala,1991-10-25,lblaisdellf8@odnoklassniki.ru,Female
550,Letisha,Wasiel,Daoxian,1996-07-25,lwasielf9@whitehouse.gov,Male
551,Heinrik,Kaindl,Fuli,1990-05-29,hkaindlfa@baidu.com,Male
552,Aube,Joyner,Przelewice,1992-11-22,ajoynerfb@patch.com,Male
553,Renae,McCourtie,Przelewice,1999-12-12,rmccourtiefc@artisteer.com,Male
554,Padriac,Stapells,Fuli,1989-02-21,pstapellsfd@google.ca,Female
555,Nickolaus,Ind,Kabir,1992-11-25,nindfe@netscape.com,Female
556,Brendin,Wann,Przelewice,1997-10-12,bwannff@foxnews.com,Male
557,Thibaut,Shambrooke,Zarszyn,1988-05-24,tshambrookefg@dot.gov,Male
558,Lillis,Hallawell,Onsala,1990-07-01,lhallawellfh@imgur.com,Female
559,Rania,Clearley,Kabir,1986-07-19,rclearleyfi@wiley.com,Male
560,Brigitte,Davidesco,Fuli,1999-06-07,bdavidescofj@utexas.edu,Male
561,Gage,Filipchikov,Areia Branca,1986-08-03,gfilipchikovfk@woothemes.com,Female
562,Christiano,Fownes,Tabora,1991-09-14,cfownesfl@google.com.au,Female
563,Loretta,Dyshart,Areia Branca,1996-06-25,ldyshartfm@indiegogo.com,Female
564,Mort,McAteer,Przelewice,1991-06-15,mmcateerfn@noaa.gov,Female
565,Bailie,Rameaux,Akim Swedru,1991-05-20,brameauxfo@last.fm,Male
566,Perkin,Skyner,Cabanas,1998-11-17,pskynerfp@dell.com,Female
567,Kain,Zanettini,Kabir,1997-07-14,kzanettinifq@flavors.me,Male
568,Amelita,Buckenhill,Mungui,1989-03-20,abuckenhillfr@umich.edu,Female
569,Myrna,Yoodall,Zuitou,1987-07-06,myoodallfs@hhs.gov,Male
570,Indira,Busse,Tabora,1998-02-16,ibusseft@devhub.com,Female
571,Carilyn,Nisuis,Onsala,1990-06-01,cnisuisfu@soup.io,Female
572,Erin,Cohrs,Kabir,1991-10-30,ecohrsfv@narod.ru,Female
573,Denney,Staff,Zuitou,1999-05-12,dstafffw@sitemeter.com,Female
574,Bambi,Boyce,Livorno,1986-12-14,bboycefx@telegraph.co.uk,Female
575,Carlin,Tolussi,Tabora,1990-04-21,ctolussify@nba.com,Female
576,Tuck,Hunnicot,Zuitou,1990-05-29,thunnicotfz@psu.edu,Female
577,Josephine,Wrathall,Onsala,1990-04-01,jwrathallg0@si.edu,Male
578,Louella,Batterham,Livorno,1996-05-25,lbatterhamg1@state.tx.us,Male
579,Merrill,Sinnie,Cabanas,1993-12-25,msinnieg2@infoseek.co.jp,Male
580,Evan,Ebbitt,Areia Branca,1986-10-06,eebbittg3@google.co.uk,Female
581,Klarrisa,Kittman,Areia Branca,1996-01-15,kkittmang4@amazonaws.com,Female
582,Stinky,Baxandall,Daoxian,1997-03-17,sbaxandallg5@omniture.com,Female
583,Hayes,Godain,Kabir,1993-03-10,hgodaing6@unicef.org,Male
584,Katya,Sommersett,Mungui,1988-07-25,ksommersettg7@state.tx.us,Female
585,Prince,McGrouther,Idvor,1988-01-28,pmcgroutherg8@mlb.com,Female
586,Lion,Toler,Idvor,1993-12-24,ltolerg9@barnesandnoble.com,Female
587,Gaynor,Georgievski,Akim Swedru,1997-01-22,ggeorgievskiga@nps.gov,Female
588,Justis,McLenaghan,Onsala,1989-08-24,jmclenaghangb@msu.edu,Female
589,Ashien,Ingarfill,Przelewice,1994-01-21,aingarfillgc@wisc.edu,Female
590,Celie,McVity,Mungui,1995-08-10,cmcvitygd@statcounter.com,Female
591,Inge,McClymond,Idvor,1998-05-02,imcclymondge@google.es,Male
592,Hetti,Copping,Kabir,1987-11-09,hcoppinggf@forbes.com,Male
593,Bryn,de Quincey,Kabir,1989-08-30,bdequinceygg@creativecommons.org,Female
594,Trip,Ridolfi,Idvor,1990-06-17,tridolfigh@google.ca,Female
595,Kristo,Sammes,Kabir,1986-07-09,ksammesgi@elpais.com,Male
596,Cullie,Blurton,Fuli,1999-04-08,cblurtongj@reverbnation.com,Male
597,Darelle,Craggs,Zarszyn,1992-05-24,dcraggsgk@istockphoto.com,Female
598,Adriana,Basant,Akim Swedru,1991-08-04,abasantgl@wsj.com,Male
599,Sonja,Newton,Idvor,1997-08-11,snewtongm@loc.gov,Female
600,Elwira,Kropach,Przelewice,1986-02-06,ekropachgn@europa.eu,Male
601,Jodie,Ghelardoni,Przelewice,1989-05-16,jghelardonigo@redcross.org,Female
602,Mimi,Backe,Areia Branca,1992-10-26,mbackegp@japanpost.jp,Male
603,Ara,Foggo,Cabanas,1988-01-06,afoggogq@japanpost.jp,Female
604,Joleen,Boutton,Fuli,1998-09-11,jbouttongr@biblegateway.com,Male
605,Molly,Spalding,Zarszyn,1999-02-11,mspaldinggs@thetimes.co.uk,Male
606,Adel,Franscioni,Cabanas,1995-12-04,afranscionigt@mozilla.com,Male
607,Kimbell,Capozzi,Zarszyn,1988-12-20,kcapozzigu@admin.ch,Female
608,Lisbeth,Le Noir,Daoxian,1995-04-16,llenoirgv@t-online.de,Female
609,Rheta,Thirtle,Areia Branca,1991-06-07,rthirtlegw@weather.com,Male
610,Rasla,Pawel,Onsala,1990-11-06,rpawelgx@uiuc.edu,Female
611,Alena,Bachelor,Zuitou,1990-05-25,abachelorgy@illinois.edu,Male
612,Earle,Houchen,Minyat an Nasr,1999-07-28,ehouchengz@un.org,Female
613,Glenda,Fisbburne,Kabir,1989-12-19,gfisbburneh0@weibo.com,Male
614,Hesther,Weins,Zuitou,1993-07-29,hweinsh1@privacy.gov.au,Male
615,Ware,Wallace,Tabora,1988-07-05,wwallaceh2@addtoany.com,Female
616,Eada,Ginsie,Minyat an Nasr,1991-03-30,eginsieh3@goodreads.com,Male
617,Amber,Causier,Cabanas,1990-06-16,acausierh4@umich.edu,Female
618,Dacie,Silverstone,Zarszyn,1988-11-15,dsilverstoneh5@wunderground.com,Female
619,Denver,Ison,Livorno,1986-12-19,disonh6@prnewswire.com,Female
620,Cal,Lace,Daoxian,1999-11-25,claceh7@altervista.org,Female
621,Carolina,Hankinson,Daoxian,1990-12-18,chankinsonh8@columbia.edu,Male
622,Roana,Yantsev,Zuitou,1992-09-05,ryantsevh9@pbs.org,Male
623,Inesita,Netherclift,Idvor,1999-09-24,inethercliftha@reverbnation.com,Female
624,Ozzy,Cavey,Idvor,1995-11-18,ocaveyhb@amazonaws.com,Male
625,Tally,Boeck,Idvor,1998-08-11,tboeckhc@buzzfeed.com,Female
626,Gilberto,Beardsdale,Cabanas,1993-08-28,gbeardsdalehd@studiopress.com,Female
627,Rosita,Venn,Tabora,1987-04-14,rvennhe@spotify.com,Female
628,Yancy,Lafayette,Tabora,1995-09-07,ylafayettehf@artisteer.com,Female
629,Marilee,Jarrett,Areia Branca,1996-09-16,mjarretthg@economist.com,Male
630,Carita,Mattia,Cabanas,1997-11-23,cmattiahh@cbc.ca,Female
631,Terrel,Cuttle,Daoxian,1997-01-18,tcuttlehi@intel.com,Male
632,Erroll,McKew,Mungui,1993-07-26,emckewhj@about.com,Female
633,Locke,Eccleshare,Zuitou,1987-07-12,lecclesharehk@webeden.co.uk,Female
634,Enrika,Antoshin,Livorno,1994-02-20,eantoshinhl@icq.com,Female
635,Danila,Bisp,Akim Swedru,1991-01-23,dbisphm@boston.com,Female
636,Alexina,Christy,Minyat an Nasr,1988-09-23,achristyhn@google.co.jp,Male
637,Vonny,Shallcross,Akim Swedru,1986-09-11,vshallcrossho@newsvine.com,Female
638,Giffy,Toth,Minyat an Nasr,1988-07-07,gtothhp@ted.com,Female
639,Zahara,Pellamont,Fuli,1997-06-20,zpellamonthq@google.fr,Male
640,Lark,Ibberson,Mungui,1997-12-01,libbersonhr@bravesites.com,Female
641,Frederique,Cadagan,Zarszyn,1996-06-17,fcadaganhs@furl.net,Female
642,Myrilla,Cathro,Zarszyn,1986-07-19,mcathroht@cargocollective.com,Male
643,Alisha,Tranfield,Livorno,1990-01-04,atranfieldhu@statcounter.com,Male
644,Mable,Balthasar,Przelewice,1986-06-05,mbalthasarhv@columbia.edu,Male
645,Jessa,Harhoff,Areia Branca,1992-09-04,jharhoffhw@google.pl,Female
646,Spike,Fullilove,Cabanas,1998-04-17,sfullilovehx@webnode.com,Male
647,Arleen,Cordet,Idvor,1991-12-17,acordethy@xing.com,Male
648,Willy,Heskey,Zarszyn,1998-07-25,wheskeyhz@cornell.edu,Female
649,Job,Beesley,Tabora,1990-11-14,jbeesleyi0@goo.gl,Male
650,Baudoin,Vanne,Przelewice,1998-01-26,bvannei1@smugmug.com,Male
651,Lorette,Fawdry,Zarszyn,1986-06-05,lfawdryi2@qq.com,Male
652,Libby,Fernehough,Cabanas,1994-10-21,lfernehoughi3@phoca.cz,Male
653,Hobey,Dightham,Idvor,1992-02-21,hdighthami4@archive.org,Male
654,Ainslee,Feedham,Przelewice,1991-09-11,afeedhami5@webeden.co.uk,Female
655,Rozalin,Van Leeuwen,Idvor,1991-01-01,rvanleeuweni6@1688.com,Female
656,Leonard,Bowyer,Zuitou,1996-07-16,lbowyeri7@pagesperso-orange.fr,Male
657,Reeba,Kissock,Przelewice,1998-11-18,rkissocki8@rakuten.co.jp,Female
658,Lauryn,Cammis,Cabanas,1990-09-01,lcammisi9@wunderground.com,Female
659,Freddie,Padwick,Zarszyn,1986-04-03,fpadwickia@yellowpages.com,Male
660,Inness,Elcom,Akim Swedru,1989-01-13,ielcomib@t.co,Male
661,Denys,Meachan,Cabanas,1998-11-12,dmeachanic@house.gov,Male
662,Bryant,Pauletto,Idvor,1996-06-12,bpaulettoid@xinhuanet.com,Male
663,Stefania,Cattle,Tabora,1989-08-21,scattleie@yelp.com,Male
664,Norris,De Andisie,Akim Swedru,1992-12-27,ndeandisieif@comcast.net,Male
665,Eberto,Parley,Areia Branca,1991-11-24,eparleyig@posterous.com,Female
666,Minor,Brimilcombe,Onsala,1990-03-22,mbrimilcombeih@nationalgeographic.com,Female
667,Hobart,Jeenes,Zuitou,1996-10-17,hjeenesii@unesco.org,Female
668,Vanny,LAbbet,Areia Branca,1998-04-04,vlabbetij@parallels.com,Female
669,Berny,Guice,Livorno,1995-05-25,bguiceik@usa.gov,Male
670,Felecia,Roundtree,Daoxian,1994-06-22,froundtreeil@google.ru,Female
671,Milena,Girardengo,Przelewice,1990-05-02,mgirardengoim@ed.gov,Male
672,Benita,Barok,Areia Branca,1993-11-13,bbarokin@istockphoto.com,Female
673,Humfrey,McAirt,Mungui,1999-05-17,hmcairtio@elpais.com,Female
674,Karel,Maciak,Idvor,1995-09-14,kmaciakip@jugem.jp,Female
675,Margo,Chestle,Fuli,1987-03-23,mchestleiq@wunderground.com,Female
676,Nadiya,Leaning,Daoxian,1999-12-06,nleaningir@wordpress.com,Male
677,Mariann,Gildersleeve,Tabora,1997-06-10,mgildersleeveis@live.com,Male
678,Gerard,Krishtopaittis,Tabora,2000-02-18,gkrishtopaittisit@dagondesign.com,Male
679,Cheryl,Lamswood,Livorno,1995-10-20,clamswoodiu@paginegialle.it,Female
680,Bent,Garvill,Livorno,1989-04-18,bgarvilliv@buzzfeed.com,Female
681,Bent,Turney,Onsala,1995-05-15,bturneyiw@wordpress.org,Male
682,Ryann,McIsaac,Idvor,1987-07-10,rmcisaacix@marriott.com,Male
683,Ardis,Brownbridge,Zuitou,1994-01-03,abrownbridgeiy@ning.com,Male
684,Ossie,Aharoni,Akim Swedru,1995-10-06,oaharoniiz@ovh.net,Male
685,Lyda,Vallens,Mungui,1990-07-04,lvallensj0@slideshare.net,Male
686,Shaylyn,Ghione,Daoxian,1990-04-03,sghionej1@de.vu,Male
687,Nolan,Cornill,Kabir,1992-05-26,ncornillj2@state.tx.us,Male
688,Dareen,Manoelli,Areia Branca,1997-01-15,dmanoellij3@squarespace.com,Male
689,Aurea,Maggi,Cabanas,1992-05-30,amaggij4@4shared.com,Female
690,Charline,Follitt,Tabora,1994-08-31,cfollittj5@bigcartel.com,Female
691,Lucille,Paulley,Tabora,1991-02-21,lpaulleyj6@flavors.me,Female
692,Blinni,Slarke,Mungui,1994-12-05,bslarkej7@mayoclinic.com,Female
693,Raye,Lockwood,Mungui,1992-06-24,rlockwoodj8@godaddy.com,Male
694,Pam,Kacheller,Zarszyn,1991-07-11,pkachellerj9@umich.edu,Female
695,Meriel,Humblestone,Livorno,1989-07-26,mhumblestoneja@so-net.ne.jp,Male
696,Cheslie,Daen,Areia Branca,1996-12-30,cdaenjb@ezinearticles.com,Female
697,Darius,Mingame,Zuitou,1991-01-05,dmingamejc@si.edu,Male
698,Alisa,Riste,Zuitou,1986-11-01,aristejd@blogspot.com,Female
699,Harwilll,Fedynski,Mungui,1994-01-29,hfedynskije@vkontakte.ru,Male
700,Penni,Drakard,Daoxian,1986-09-01,pdrakardjf@si.edu,Female
701,Anet,Fleay,Daoxian,1998-05-16,afleayjg@telegraph.co.uk,Male
702,Man,Coniff,Kabir,1996-11-22,mconiffjh@shareasale.com,Female
703,Goober,Carradice,Tabora,1994-12-15,gcarradiceji@hhs.gov,Male
704,Worthy,Salsberg,Onsala,1987-01-05,wsalsbergjj@unesco.org,Female
705,Camella,Fowley,Minyat an Nasr,1995-05-24,cfowleyjk@home.pl,Male
706,Georgia,Bothram,Cabanas,1992-02-13,gbothramjl@berkeley.edu,Female
707,Wolfie,Pedracci,Cabanas,1991-03-31,wpedraccijm@ucsd.edu,Female
708,Augustine,Astie,Mungui,1999-10-24,aastiejn@samsung.com,Male
709,Viva,Giotto,Areia Branca,1987-01-16,vgiottojo@nasa.gov,Female
710,Austine,Duddin,Livorno,1990-04-12,aduddinjp@vistaprint.com,Female
711,Dagny,Sheerman,Zuitou,1998-03-22,dsheermanjq@woothemes.com,Female
712,Silvester,Chatin,Tabora,1991-05-02,schatinjr@youtube.com,Female
713,Phyllis,Loach,Idvor,1996-01-01,ploachjs@360.cn,Female
714,Gib,Kelsell,Daoxian,1986-05-26,gkelselljt@sitemeter.com,Female
715,Robers,Arnason,Tabora,1992-11-26,rarnasonju@google.ru,Female
716,Benjie,Marrow,Zarszyn,1998-11-22,bmarrowjv@joomla.org,Male
717,Terrance,Fipp,Fuli,1992-05-08,tfippjw@biglobe.ne.jp,Female
718,Loralie,Dowsey,Onsala,1993-03-25,ldowseyjx@virginia.edu,Female
719,Letty,Fieldgate,Cabanas,1991-09-26,lfieldgatejy@theatlantic.com,Male
720,Gardiner,Linke,Livorno,1988-07-25,glinkejz@vinaora.com,Male
721,Olin,Halburton,Fuli,1992-09-07,ohalburtonk0@google.co.uk,Female
722,Virge,Robrow,Zarszyn,1998-04-22,vrobrowk1@google.pl,Female
723,Alexina,Little,Onsala,1997-05-09,alittlek2@last.fm,Male
724,Jerrylee,Gussie,Livorno,1989-07-22,jgussiek3@technorati.com,Female
725,Velvet,Gabitis,Akim Swedru,1989-07-02,vgabitisk4@infoseek.co.jp,Female
726,Tamarra,Farley,Onsala,1989-04-13,tfarleyk5@buzzfeed.com,Male
727,Gabriele,Spellward,Minyat an Nasr,1987-08-15,gspellwardk6@surveymonkey.com,Female
728,Kahlil,Osgood,Minyat an Nasr,1997-05-24,kosgoodk7@desdev.cn,Male
729,Trista,Prescote,Tabora,1999-02-02,tprescotek8@goo.ne.jp,Male
730,Colene,Benns,Cabanas,1998-02-12,cbennsk9@nature.com,Male
731,Annissa,Dongles,Minyat an Nasr,1989-10-03,adongleska@senate.gov,Male
732,Cullan,Robertot,Akim Swedru,1987-11-22,crobertotkb@cdbaby.com,Female
733,Maxie,Cowton,Tabora,1994-05-02,mcowtonkc@paginegialle.it,Male
734,Erasmus,Vian,Tabora,1994-09-03,eviankd@clickbank.net,Male
735,Stanfield,Danielski,Przelewice,1993-06-24,sdanielskike@a8.net,Male
736,Daphna,Guyer,Zuitou,1990-10-19,dguyerkf@yandex.ru,Male
737,Giuditta,Kauffman,Mungui,1988-01-17,gkauffmankg@usda.gov,Female
738,Edmund,Vuitte,Idvor,1997-06-25,evuittekh@fastcompany.com,Female
739,Gennie,Minall,Kabir,1998-10-25,gminallki@cmu.edu,Female
740,Far,Bromfield,Daoxian,1992-03-09,fbromfieldkj@phpbb.com,Male
741,Kynthia,Whaley,Onsala,1992-12-25,kwhaleykk@seesaa.net,Male
742,Mignonne,Lyngsted,Areia Branca,1995-07-02,mlyngstedkl@examiner.com,Male
743,Ferne,Elizabeth,Minyat an Nasr,1992-02-26,felizabethkm@blogspot.com,Female
744,Niki,Axell,Kabir,1992-08-02,naxellkn@ebay.com,Female
745,Henrieta,Flaubert,Mungui,1995-05-04,hflaubertko@quantcast.com,Male
746,Baird,Geck,Przelewice,1988-11-01,bgeckkp@mlb.com,Male
747,Antin,Hendren,Akim Swedru,1993-04-05,ahendrenkq@nasa.gov,Male
748,Arny,Milazzo,Zarszyn,1990-01-05,amilazzokr@who.int,Female
749,Nichole,Haime,Daoxian,1994-06-27,nhaimeks@economist.com,Female
750,Corrinne,Pren,Tabora,1995-03-27,cprenkt@prlog.org,Female
751,Garrik,Puzey,Mungui,1994-07-26,gpuzeyku@tuttocitta.it,Female
752,Alard,O'Sheils,Tabora,1990-06-23,aosheilskv@a8.net,Female
753,Shari,Lynds,Cabanas,1998-08-21,slyndskw@boston.com,Female
754,Kym,Bees,Cabanas,1991-07-21,kbeeskx@photobucket.com,Female
755,Garvy,Van Rembrandt,Onsala,1987-10-05,gvanrembrandtky@scientificamerican.com,Male
756,Andre,MacDonough,Daoxian,1991-02-26,amacdonoughkz@time.com,Male
757,Skyler,Doughartie,Idvor,1991-06-13,sdoughartiel0@alexa.com,Male
758,Marline,Adolfsen,Zarszyn,1997-05-19,madolfsenl1@dmoz.org,Male
759,Rosetta,Lammerich,Mungui,1991-12-09,rlammerichl2@constantcontact.com,Female
760,Prisca,Dorro,Zarszyn,1991-08-25,pdorrol3@hhs.gov,Male
761,Edita,Kornas,Idvor,1987-10-24,ekornasl4@slate.com,Female
762,Obie,Concannon,Idvor,1995-11-24,oconcannonl5@tripod.com,Male
763,Justinian,Fraulo,Livorno,1989-02-12,jfraulol6@state.tx.us,Female
764,Gustave,Woolner,Przelewice,1998-09-07,gwoolnerl7@telegraph.co.uk,Female
765,Rod,Cubin,Akim Swedru,1990-05-06,rcubinl8@mediafire.com,Male
766,Kimberlyn,Dewar,Przelewice,1998-02-13,kdewarl9@networksolutions.com,Female
767,Leilah,Rolfs,Zuitou,1989-02-20,lrolfsla@skyrock.com,Male
768,Beverie,Abbs,Tabora,1987-11-09,babbslb@marketwatch.com,Male
769,Shea,McMechan,Przelewice,1999-08-08,smcmechanlc@microsoft.com,Female
770,Cami,Gosford,Cabanas,1999-09-21,cgosfordld@hao123.com,Male
771,Tanny,Bidmead,Zarszyn,1991-12-03,tbidmeadle@vk.com,Female
772,Matt,Mackstead,Onsala,1987-10-25,mmacksteadlf@home.pl,Male
773,Britni,Kowal,Onsala,1989-07-10,bkowallg@google.de,Male
774,Zarla,Richardsson,Daoxian,1999-07-09,zrichardssonlh@chronoengine.com,Female
775,Abagail,Canet,Areia Branca,1993-12-30,acanetli@redcross.org,Female
776,Crissie,Quartermain,Mungui,1988-09-18,cquartermainlj@redcross.org,Female
777,Angelika,Lyard,Fuli,1986-05-02,alyardlk@digg.com,Male
778,Denice,Betty,Zuitou,1987-03-18,dbettyll@seesaa.net,Male
779,Tito,Mohring,Akim Swedru,1997-03-18,tmohringlm@last.fm,Female
780,Daryl,Samuel,Onsala,1998-06-25,dsamuelln@nps.gov,Female
781,Any,Coper,Zuitou,1990-08-06,acoperlo@discovery.com,Female
782,Babita,Denisard,Cabanas,1988-12-14,bdenisardlp@ask.com,Female
783,Florence,Hierro,Daoxian,1988-01-17,fhierrolq@china.com.cn,Female
784,Pavel,Raubenheimers,Cabanas,1988-05-17,praubenheimerslr@tuttocitta.it,Male
785,Finlay,Goney,Kabir,1989-01-07,fgoneyls@histats.com,Male
786,Xenos,Stebbings,Tabora,1998-07-01,xstebbingslt@last.fm,Male
787,Natal,Ongin,Daoxian,1998-12-17,nonginlu@issuu.com,Female
788,Ashil,Ancliff,Minyat an Nasr,1991-01-16,aanclifflv@state.tx.us,Female
789,Ariana,Sore,Idvor,1990-06-15,asorelw@netvibes.com,Male
790,Wilden,Alberts,Fuli,1995-06-23,walbertslx@skype.com,Female
791,Jillie,Roglieri,Fuli,1998-02-06,jroglierily@kickstarter.com,Female
792,Papagena,Dunstan,Przelewice,1998-12-19,pdunstanlz@google.com.au,Male
793,Nesta,Tildesley,Zuitou,1990-09-20,ntildesleym0@loc.gov,Female
794,Willis,Linnemann,Zuitou,1995-01-06,wlinnemannm1@ask.com,Male
795,Sosanna,Jemison,Zarszyn,1993-05-19,sjemisonm2@bing.com,Male
796,Buiron,Wyldbore,Akim Swedru,1992-10-17,bwyldborem3@joomla.org,Male
797,Jakob,Drinkale,Kabir,1991-05-20,jdrinkalem4@altervista.org,Male
798,Jessamine,Croneen,Kabir,1990-09-11,jcroneenm5@apple.com,Female
799,Daron,Gladdin,Livorno,1989-08-01,dgladdinm6@unblog.fr,Male
800,Zorana,Grassot,Livorno,1989-07-07,zgrassotm7@prnewswire.com,Male
801,Lorraine,Magwood,Daoxian,2000-01-26,lmagwoodm8@fema.gov,Male
802,Sascha,Ceyssen,Areia Branca,1989-12-09,sceyssenm9@gov.uk,Female
803,Edi,Maslin,Kabir,1999-11-22,emaslinma@europa.eu,Female
804,Brande,Beldum,Daoxian,1996-01-12,bbeldummb@nationalgeographic.com,Female
805,Tammie,Aksell,Przelewice,1991-07-16,taksellmc@devhub.com,Male
806,Von,Horsell,Mungui,1994-05-16,vhorsellmd@bbb.org,Female
807,Kenyon,Gallally,Minyat an Nasr,1988-07-04,kgallallyme@1und1.de,Female
808,Thorsten,Paolone,Minyat an Nasr,1986-07-17,tpaolonemf@multiply.com,Male
809,Sella,Crayton,Zuitou,1990-09-18,scraytonmg@ihg.com,Male
810,Daniella,Detloff,Minyat an Nasr,1997-11-13,ddetloffmh@freewebs.com,Male
811,Lelia,Canto,Zarszyn,1991-12-20,lcantomi@storify.com,Male
812,Cherlyn,Pfaff,Minyat an Nasr,1995-09-17,cpfaffmj@independent.co.uk,Female
813,Tull,Berthome,Onsala,1997-09-15,tberthomemk@japanpost.jp,Male
814,Portia,Sisneros,Idvor,1991-09-05,psisnerosml@google.ca,Female
815,Perle,Moralee,Minyat an Nasr,1999-12-10,pmoraleemm@bbb.org,Male
816,Gerladina,MacDearmaid,Onsala,1999-07-03,gmacdearmaidmn@google.it,Female
817,Rebecca,Baffin,Przelewice,1992-06-25,rbaffinmo@shareasale.com,Female
818,Donovan,Oneal,Minyat an Nasr,1991-09-17,donealmp@wufoo.com,Male
819,Bride,Hessle,Fuli,1993-08-28,bhesslemq@google.co.uk,Female
820,Alexina,Mitchley,Fuli,1994-03-04,amitchleymr@fc2.com,Male
821,Juan,Blakesley,Mungui,2000-01-28,jblakesleyms@pinterest.com,Female
822,Stephani,Cammoile,Tabora,1992-05-09,scammoilemt@soup.io,Male
823,Gherardo,Causey,Minyat an Nasr,1999-03-24,gcauseymu@google.com,Male
824,Hatty,Stanley,Onsala,1990-03-30,hstanleymv@tripadvisor.com,Female
825,Merrill,Sollowaye,Fuli,1999-09-21,msollowayemw@wordpress.com,Male
826,Odella,Apperley,Areia Branca,1991-08-11,oapperleymx@amazonaws.com,Male
827,Bone,Lembcke,Daoxian,1994-03-11,blembckemy@squidoo.com,Male
828,Mommy,Jahn,Mungui,1992-07-02,mjahnmz@printfriendly.com,Female
829,Kristoforo,Outright,Fuli,1990-09-24,koutrightn0@dell.com,Male
830,Bendix,Sarginson,Onsala,1990-04-27,bsarginsonn1@4shared.com,Female
831,Edithe,Willmetts,Akim Swedru,1995-07-09,ewillmettsn2@about.com,Female
832,Millicent,Caccavella,Zuitou,1986-01-29,mcaccavellan3@jimdo.com,Female
833,Niall,Brunke,Zarszyn,1988-12-04,nbrunken4@google.pl,Female
834,Hermie,Belchambers,Minyat an Nasr,1988-02-10,hbelchambersn5@imdb.com,Female
835,Hagan,Gaynor,Daoxian,1990-10-12,hgaynorn6@si.edu,Female
836,Bengt,Ormston,Akim Swedru,1993-11-11,bormstonn7@ft.com,Male
837,Susie,Zanicchi,Tabora,1986-01-06,szanicchin8@state.gov,Female
838,Sandy,Gosselin,Onsala,1994-09-19,sgosselinn9@washingtonpost.com,Female
839,Lorraine,Filippyev,Mungui,1987-06-22,lfilippyevna@taobao.com,Male
840,Franciska,Wilmot,Kabir,1991-03-12,fwilmotnb@feedburner.com,Male
841,Brander,Klejna,Akim Swedru,1989-07-30,bklejnanc@google.co.jp,Female
842,Manon,Pordall,Daoxian,1989-06-05,mpordallnd@squidoo.com,Female
843,Steward,Daen,Zarszyn,1990-07-15,sdaenne@ox.ac.uk,Male
844,Manda,Lampitt,Daoxian,1993-01-26,mlampittnf@ameblo.jp,Female
845,Daron,Lidgey,Fuli,1997-10-26,dlidgeyng@bbc.co.uk,Female
846,Dorey,Jeenes,Tabora,1994-07-31,djeenesnh@hibu.com,Male
847,Humbert,Lyokhin,Livorno,1988-08-15,hlyokhinni@earthlink.net,Female
848,Dru,Bradmore,Idvor,1993-10-01,dbradmorenj@blogger.com,Male
849,Duane,Estick,Idvor,1990-11-18,desticknk@discuz.net,Female
850,Cly,Cathesyed,Daoxian,1992-04-01,ccathesyednl@jalbum.net,Female
851,Gar,Fyers,Mungui,1994-01-10,gfyersnm@skype.com,Male
852,Jenica,McQuaid,Zuitou,1992-08-07,jmcquaidnn@purevolume.com,Female
853,Leonora,Krienke,Przelewice,1999-08-12,lkrienkeno@liveinternet.ru,Male
854,Marylynne,Laffan,Fuli,1997-09-28,mlaffannp@hostgator.com,Female
855,Ameline,Orth,Akim Swedru,1997-10-09,aorthnq@timesonline.co.uk,Male
856,Renato,Dunbabin,Zarszyn,1995-02-15,rdunbabinnr@washington.edu,Male
857,Nevin,Kilcullen,Onsala,1999-06-12,nkilcullenns@ovh.net,Female
858,Ania,Addicote,Przelewice,1997-09-22,aaddicotent@msn.com,Male
859,Benedetta,Mobley,Zuitou,1995-12-25,bmobleynu@slashdot.org,Male
860,Tarra,De-Ville,Minyat an Nasr,1989-01-11,tdevillenv@posterous.com,Female
861,Shandie,Ferrea,Tabora,1996-02-23,sferreanw@ed.gov,Male
862,Rozalie,Laminman,Idvor,1999-04-29,rlaminmannx@ucsd.edu,Male
863,Gates,Kinman,Mungui,1992-10-24,gkinmanny@hc360.com,Female
864,Mitzi,Rowdell,Kabir,1994-07-21,mrowdellnz@photobucket.com,Female
865,Winnifred,Devennie,Tabora,1992-06-16,wdevennieo0@engadget.com,Male
866,Violet,Beecraft,Onsala,1990-05-04,vbeecrafto1@weebly.com,Female
867,Duke,Hanrahan,Kabir,1995-10-09,dhanrahano2@usnews.com,Female
868,Eleni,Saer,Zarszyn,1997-08-02,esaero3@engadget.com,Male
869,Chanda,Jurek,Minyat an Nasr,1994-05-05,cjureko4@hatena.ne.jp,Male
870,Feodor,Huttley,Akim Swedru,1991-10-02,fhuttleyo5@jugem.jp,Male
871,Asa,Matveichev,Fuli,1998-10-14,amatveichevo6@uiuc.edu,Female
872,Emmett,Gibbons,Fuli,1994-03-29,egibbonso7@studiopress.com,Male
873,Web,Hamberstone,Livorno,1989-06-27,whamberstoneo8@dailymotion.com,Male
874,Rriocard,Benesevich,Fuli,1993-02-03,rbenesevicho9@hibu.com,Male
875,Anne-marie,McCombe,Mungui,1996-12-28,amccombeoa@gizmodo.com,Male
876,Mariska,Brigdale,Daoxian,1990-09-26,mbrigdaleob@vimeo.com,Male
877,Charlene,Juliff,Daoxian,1996-06-06,cjuliffoc@bloglines.com,Male
878,Amara,Freddi,Livorno,1992-12-01,afreddiod@msu.edu,Male
879,Tabatha,Ivanchikov,Przelewice,1996-06-04,tivanchikovoe@cbslocal.com,Male
880,Jessie,Huburn,Zuitou,1994-04-26,jhuburnof@dedecms.com,Male
881,Jo-ann,Willcox,Idvor,1990-10-01,jwillcoxog@blogtalkradio.com,Female
882,Vinita,Oleszcuk,Zuitou,1999-06-03,voleszcukoh@joomla.org,Male
883,Naomi,Wensley,Przelewice,1993-01-06,nwensleyoi@quantcast.com,Female
884,Matthaeus,Spriggen,Zarszyn,1989-02-17,mspriggenoj@dot.gov,Male
885,Gare,Brackstone,Zarszyn,1988-02-16,gbrackstoneok@nationalgeographic.com,Male
886,Cathyleen,Vannikov,Przelewice,1987-05-25,cvannikovol@fastcompany.com,Male
887,Merle,Ives,Minyat an Nasr,1997-01-23,mivesom@reddit.com,Female
888,Georgeta,Ricardet,Idvor,1987-04-15,gricardeton@moonfruit.com,Male
889,Adriana,Tozer,Areia Branca,1993-01-15,atozeroo@biblegateway.com,Male
890,Osbert,Coarser,Akim Swedru,1991-07-02,ocoarserop@yellowbook.com,Male
891,Sim,Winkle,Livorno,1999-04-07,swinkleoq@nydailynews.com,Female
892,Kym,Asquez,Tabora,1990-09-19,kasquezor@answers.com,Male
893,Alick,Seywood,Tabora,1987-04-04,aseywoodos@miitbeian.gov.cn,Male
894,Allie,Blesing,Fuli,2000-02-03,ablesingot@npr.org,Female
895,Wolf,Beevors,Livorno,1987-02-11,wbeevorsou@tinyurl.com,Male
896,Evangelia,Jaques,Fuli,1991-12-04,ejaquesov@elpais.com,Male
897,Robena,Eates,Fuli,1997-08-23,reatesow@live.com,Female
898,Genna,Ubee,Mungui,1986-08-24,gubeeox@plala.or.jp,Female
899,Axe,MacGillacolm,Zuitou,1989-09-24,amacgillacolmoy@princeton.edu,Male
900,Gae,Cranmer,Cabanas,1986-10-27,gcranmeroz@cyberchimps.com,Female
901,Queenie,Scrowby,Akim Swedru,1997-12-17,qscrowbyp0@mozilla.com,Male
902,Valenka,Kliemke,Idvor,1995-07-13,vkliemkep1@sina.com.cn,Male
903,Court,Ainsley,Mungui,1998-11-14,cainsleyp2@accuweather.com,Female
904,Germaine,Atlay,Zarszyn,1987-12-16,gatlayp3@intel.com,Male
905,Aguistin,Brobeck,Minyat an Nasr,1991-05-02,abrobeckp4@nih.gov,Female
906,Leonardo,Cornehl,Idvor,1993-09-24,lcornehlp5@squarespace.com,Female
907,Waylen,Thorold,Onsala,1993-05-22,wthoroldp6@arizona.edu,Female
908,Moreen,Caen,Przelewice,1996-06-21,mcaenp7@ed.gov,Male
909,Karlee,Mawne,Areia Branca,1999-05-16,kmawnep8@bbc.co.uk,Male
910,Marlena,Jeduch,Tabora,1994-12-18,mjeduchp9@aboutads.info,Male
911,Herc,Tasseler,Cabanas,1998-07-05,htasselerpa@storify.com,Male
912,Dori,MacPeice,Tabora,1987-04-22,dmacpeicepb@prnewswire.com,Female
913,Nertie,Clerk,Mungui,1988-11-12,nclerkpc@forbes.com,Male
914,Burty,Revie,Idvor,1996-06-02,breviepd@wufoo.com,Male
915,Granthem,Reyna,Fuli,1989-01-26,greynape@myspace.com,Female
916,Matthus,Barwis,Onsala,1999-02-23,mbarwispf@paypal.com,Female
917,Lacey,Pither,Zuitou,1994-03-10,lpitherpg@behance.net,Female
918,Felipa,Bernardos,Zarszyn,1992-04-18,fbernardosph@typepad.com,Female
919,Tonnie,Mawman,Tabora,2000-02-18,tmawmanpi@posterous.com,Male
920,Si,Deroche,Zuitou,1991-08-16,sderochepj@miitbeian.gov.cn,Female
921,Irving,Bridgewood,Onsala,1995-12-09,ibridgewoodpk@engadget.com,Male
922,Richie,FitzAlan,Tabora,1999-01-01,rfitzalanpl@mit.edu,Male
923,Yulma,Dovidian,Zarszyn,1988-01-02,ydovidianpm@php.net,Male
924,Norma,Rodriguez,Fuli,1994-02-19,nrodriguezpn@pinterest.com,Male
925,Gerri,Benley,Livorno,1988-01-21,gbenleypo@who.int,Male
926,Loria,Botterman,Idvor,1996-10-10,lbottermanpp@goo.gl,Female
927,Luis,Loomis,Idvor,1988-09-26,lloomispq@buzzfeed.com,Male
928,Kelwin,Jahnisch,Przelewice,1986-07-29,kjahnischpr@hostgator.com,Female
929,Arvie,Dowbekin,Kabir,1987-04-27,adowbekinps@nymag.com,Male
930,Grazia,Peidro,Zuitou,1997-06-11,gpeidropt@skyrock.com,Female
931,Eimile,Proffitt,Daoxian,1994-03-20,eproffittpu@paginegialle.it,Male
932,Antoine,Tayt,Daoxian,1997-09-25,ataytpv@vistaprint.com,Female
933,Marisa,Holt,Fuli,1999-11-29,mholtpw@disqus.com,Female
934,Dodie,Sully,Livorno,1986-10-16,dsullypx@marketwatch.com,Male
935,Stanleigh,Ferrer,Onsala,1996-10-30,sferrerpy@mac.com,Female
936,Noni,O'Lunney,Przelewice,1988-07-03,nolunneypz@wired.com,Female
937,Timmie,Tummons,Minyat an Nasr,1996-08-13,ttummonsq0@scribd.com,Male
938,Lou,Gilffillan,Idvor,1996-06-12,lgilffillanq1@biglobe.ne.jp,Male
939,Talbot,Ganley,Tabora,1991-05-30,tganleyq2@who.int,Male
940,Berri,Nafziger,Cabanas,1993-07-16,bnafzigerq3@moonfruit.com,Male
941,Marthe,Gusney,Fuli,1988-05-17,mgusneyq4@harvard.edu,Male
942,Silva,Clardge,Minyat an Nasr,1998-12-07,sclardgeq5@pinterest.com,Male
943,Gui,Blachford,Fuli,1993-10-29,gblachfordq6@diigo.com,Male
944,Thor,Durrad,Fuli,1997-02-10,tdurradq7@istockphoto.com,Female
945,Mose,Mulryan,Kabir,1994-11-21,mmulryanq8@ovh.net,Male
946,Mayor,Palumbo,Daoxian,1996-05-09,mpalumboq9@opensource.org,Male
947,Laurence,Beddon,Fuli,1991-12-11,lbeddonqa@fema.gov,Female
948,Alvis,Ferrari,Przelewice,1997-11-29,aferrariqb@gmpg.org,Male
949,Olenka,Galfour,Akim Swedru,1990-10-28,ogalfourqc@slashdot.org,Female
950,Gunar,McGorman,Fuli,1993-05-08,gmcgormanqd@samsung.com,Female
951,Stace,Robyns,Tabora,1991-06-30,srobynsqe@exblog.jp,Female
952,Mischa,Izakson,Cabanas,1999-11-02,mizaksonqf@time.com,Male
953,Jeddy,Dreghorn,Kabir,1992-08-20,jdreghornqg@webmd.com,Female
954,Frederica,Lunk,Zuitou,1991-04-03,flunkqh@simplemachines.org,Male
955,Wheeler,Corah,Zuitou,1992-02-06,wcorahqi@gizmodo.com,Female
956,Noemi,Stronghill,Areia Branca,1991-03-15,nstronghillqj@slideshare.net,Female
957,Laurianne,Siveyer,Livorno,1988-08-07,lsiveyerqk@ask.com,Female
958,Norbie,Drinkall,Zarszyn,1996-10-21,ndrinkallql@weebly.com,Female
959,Raquel,Peckham,Zuitou,1996-08-04,rpeckhamqm@posterous.com,Male
960,Katinka,Gerrish,Zuitou,1988-01-27,kgerrishqn@nhs.uk,Male
961,Swen,Hazeldene,Zuitou,1986-11-27,shazeldeneqo@theatlantic.com,Female
962,Colleen,Nicklinson,Idvor,1986-01-23,cnicklinsonqp@mapquest.com,Male
963,Holden,Hendriksen,Kabir,1992-08-14,hhendriksenqq@friendfeed.com,Male
964,Niall,Airth,Mungui,1993-03-02,nairthqr@dell.com,Female
965,Ingelbert,Bartrop,Mungui,1999-02-21,ibartropqs@i2i.jp,Female
966,Netta,Moreside,Idvor,1989-09-28,nmoresideqt@deviantart.com,Male
967,Binky,Gulvin,Onsala,1990-08-11,bgulvinqu@reverbnation.com,Male
968,Bebe,Mallord,Zuitou,1994-03-09,bmallordqv@telegraph.co.uk,Male
969,Holly-anne,Giovanazzi,Areia Branca,1987-12-26,hgiovanazziqw@slashdot.org,Female
970,Gaultiero,Dietsche,Fuli,1997-02-22,gdietscheqx@boston.com,Male
971,Robin,Breacher,Tabora,1996-06-24,rbreacherqy@scribd.com,Male
972,Jae,Eckh,Cabanas,1991-03-04,jeckhqz@123-reg.co.uk,Male
973,Bernette,Immings,Zarszyn,1990-06-16,bimmingsr0@ask.com,Female
974,Borden,Kivlehan,Zuitou,1991-06-26,bkivlehanr1@bloglovin.com,Female
975,Harlene,Bumfrey,Fuli,1986-02-22,hbumfreyr2@godaddy.com,Male
976,Kyla,Rawet,Areia Branca,1999-11-12,krawetr3@bbc.co.uk,Female
977,Lisetta,Canner,Cabanas,1986-01-21,lcannerr4@reverbnation.com,Female
978,Meg,Kyles,Kabir,1992-09-08,mkylesr5@g.co,Male
979,Frances,Powton,Minyat an Nasr,1989-03-02,fpowtonr6@gravatar.com,Female
980,Armand,Pritchard,Akim Swedru,1998-03-23,apritchardr7@trellian.com,Female
981,Rivy,Purdey,Cabanas,1991-09-04,rpurdeyr8@ehow.com,Male
982,Land,Cruces,Akim Swedru,1994-03-30,lcrucesr9@storify.com,Female
983,Stu,Alcoran,Onsala,1987-11-13,salcoranra@archive.org,Male
984,Robinet,Noel,Przelewice,1986-06-10,rnoelrb@elpais.com,Female
985,Franklin,Laroze,Idvor,1987-01-01,flarozerc@ocn.ne.jp,Female
986,Hagan,O'Kinneally,Cabanas,1987-03-08,hokinneallyrd@uol.com.br,Female
987,Lanie,Laughren,Idvor,1989-05-04,llaughrenre@sciencedaily.com,Female
988,Paige,Masseo,Daoxian,1991-05-02,pmasseorf@google.co.uk,Female
989,Kally,Rawlence,Tabora,1989-06-21,krawlencerg@psu.edu,Female
990,Leann,Henden,Cabanas,1992-06-10,lhendenrh@howstuffworks.com,Female
991,Reina,Scogin,Zarszyn,1992-10-02,rscoginri@constantcontact.com,Male
992,Farica,Silley,Mungui,1997-04-19,fsilleyrj@nih.gov,Male
993,Etan,Wayte,Minyat an Nasr,1986-09-15,ewayterk@wired.com,Female
994,Jerrilee,Manzell,Przelewice,1986-06-15,jmanzellrl@dailymotion.com,Female
995,Annabal,Massingham,Minyat an Nasr,1994-08-18,amassinghamrm@eepurl.com,Male
996,Sayres,Weiner,Akim Swedru,1993-12-31,sweinerrn@army.mil,Female
997,Conney,Cromarty,Minyat an Nasr,1999-01-18,ccromartyro@marketwatch.com,Male
998,Gusty,Myott,Zarszyn,1994-06-22,gmyottrp@kickstarter.com,Female
999,Wye,Rousby,Onsala,1997-08-03,wrousbyrq@cargocollective.com,Female
1000,Beckie,Rubinsky,Mungui,1997-06-13,brubinskyrr@smugmug.com,Male
